14.971540,
16.457481,
23.406801,
39.717466,
188.580537,
65.104408,
27.662650,
17.424448,
13.374863,
10.525150,
8.266291,
7.195327,
6.706231,
5.969848,
5.441334,
4.906255,
4.541053,
4.325912,
4.094862,
3.681002,
3.586109,
3.330114,
3.012893,
3.001661,
2.899576,
2.904385,
2.534550,
2.487430,
2.476291,
2.292856,
2.278461,
2.246106,
2.107663,
2.127402,
2.088613,
2.046471,
2.079321,
1.952783,
1.903333,
1.788497,
1.927584,
1.911775,
1.844501,
1.824166,
1.805626,
1.743706,
1.746390,
1.716069,
1.697267,
1.640805,
1.613038,
1.613519,
1.579844,
1.619255,
1.498047,
1.510546,
1.465972,
1.407516,
1.448925,
1.433397,
1.413639,
1.391697,
1.382445,
1.389328,
1.383117,
1.399031,
1.352496,
1.366580,
1.311928,
1.314724,
1.348651,
1.370013,
1.317906,
1.386771,
1.271155,
1.356827,
1.332640,
1.315533,
1.330549,
1.310261,
1.285231,
1.302335,
1.220948,
1.229064,
1.235310,
1.192698,
1.227116,
1.222700,
1.256279,
1.147091,
1.169484,
1.171515,
1.152277,
1.107603,
1.259482,
1.182189,
1.175896,
1.140287,
1.209672,
1.174849,
1.203531,
1.166287,
1.152819,
1.198355,
1.182356,
1.178497,
1.235527,
1.162646,
1.180226,
1.151505,
1.158416,
1.149403,
1.141741,
1.110700,
1.111272,
1.203144,
1.155907,
1.104207,
1.124308,
1.100134,
1.097355,
1.110837,
1.108217,
1.127033,
1.065437,
1.131538,
1.084929,
1.078400,
1.084657,
1.119384,
1.089914,
1.076929,
1.068595,
1.106906,
1.125382,
1.097830,
1.110485,
1.093212,
1.101442,
1.080792,
1.086087,
1.143978,
1.058963,
1.076323,
1.069650,
1.074675,
1.119889,
1.018680,
1.038392,
1.045692,
1.026435,
1.071463,
0.979511,
1.019741,
0.999485,
1.008817,
1.039435,
1.026707,
1.016650,
1.028966,
1.019823,
1.041874,
1.042183,
1.041441,
1.048756,
1.028524,
1.043141,
0.987891,
1.070777,
1.052272,
1.025736,
1.027826,
0.984631,
1.084668,
1.025888,
1.027064,
0.997672,
0.986804,
1.023581,
1.003372,
1.015216,
1.015991,
0.962678,
1.061079,
0.980538,
0.986513,
0.982232,
0.966160,
0.985656,
0.985953,
0.956545,
1.017095,
0.989542,
0.986645,
1.026491,
0.992439,
1.010128,
1.015992,
0.994091,
0.986984,
0.969491,
1.015097,
0.971107,
1.006508,
1.043057,
0.962587,
0.967466,
0.967512,
0.969590,
0.892353,
0.969524,
0.992991,
0.921746,
0.969016,
0.962791,
0.942646,
0.944231,
0.910026,
0.944155,
0.950600,
0.952538,
0.948179,
0.927445,
0.936586,
0.932015,
0.941017,
0.978291,
0.945391,
0.948089,
0.960023,
0.973199,
0.930812,
0.962297,
0.929860,
0.948053,
0.951557,
0.946707,
0.929498,
0.950289,
0.952467,
0.899409,
0.870347,
0.928575,
0.931640,
0.906515,
0.903488,
0.915439,
0.905005,
0.918652,
0.899546,
0.893042,
0.902218,
0.885361,
0.875082,
0.893076,
0.896487,
0.906137,
0.907245,
0.894327,
0.863343,
0.853577,
0.910033,
0.958558,
0.890067,
0.882947,
0.894226,
0.899907,
0.974379,
0.844915,
0.846316,
0.865570,
0.902334,
0.868819,
0.864508,
0.869355,
0.859659,
0.846842,
0.887770,
0.879318,
0.888992,
0.861795,
0.861693,
0.869830,
0.846651,
0.865716,
0.863377,
0.874677,
0.861095,
0.892814,
0.868010,
0.862277,
0.848372,
0.842964,
0.833150,
0.868148,
0.866290,
0.838382,
0.832628,
0.809002,
0.858972,
0.819462,
0.842129,
0.840572,
0.787383,
0.830875,
0.805204,
0.824003,
0.831440,
0.827042,
0.824591,
0.814992,
0.805269,
0.823415,
0.793236,
0.843717,
0.796068,
0.820967,
0.825866,
0.794171,
0.827763,
0.791222,
0.797668,
0.795914,
0.818848,
0.813308,
0.866858,
0.793113,
0.804184,
0.793722,
0.813706,
0.760695,
0.803903,
0.781912,
0.785187,
0.802534,
0.791324,
0.801751,
0.791220,
0.764748,
0.786031,
0.778324,
0.795010,
0.790805,
0.784512,
0.768748,
0.766737,
0.737539,
0.790927,
0.782418,
0.757900,
0.750512,
0.762973,
0.780663,
0.790382,
0.761466,
0.766080,
0.771039,
0.761819,
0.752926,
0.746038,
0.762831,
0.737517,
0.723097,
0.732487,
0.757215,
0.769589,
0.709959,
0.748979,
0.716964,
0.728297,
0.730210,
0.741607,
0.771772,
0.662314,
0.707987,
0.702647,
0.695723,
0.676404,
0.773693,
0.724511,
0.686807,
0.727797,
0.729036,
0.680663,
0.692556,
0.692449,
0.693474,
0.709515,
0.683324,
0.712509,
0.679313,
0.710541,
0.683813,
0.684422,
0.696227,
0.699861,
0.688872,
0.709850,
0.708816,
0.668771,
0.645490,
0.666575,
0.642274,
0.671500,
0.642451,
0.666193,
0.649422,
0.678078,
0.673915,
0.732829,
0.658816,
0.647074,
0.665391,
0.669764,
0.691204,
0.630342,
0.672946,
0.684370,
0.656030,
0.654002,
0.654178,
0.636583,
0.659510,
0.662923,
0.650232,
0.649850,
0.632566,
0.620625,
0.642213,
0.665704,
0.679251,
0.610146,
0.621562,
0.608300,
0.619590,
0.625627,
0.583774,
0.628413,
0.595648,
0.585839,
0.599467,
0.604053,
0.602265,
0.589786,
0.621441,
0.605492,
0.635827,
0.589134,
0.615937,
0.607363,
0.633578,
0.617875,
0.594557,
0.568912,
0.574182,
0.571788,
0.583111,
0.625803,
0.597039,
0.559399,
0.597588,
0.571088,
0.567134,
0.581242,
0.576745,
0.556252,
0.552024,
0.550900,
0.577896,
0.566964,
0.562246,
0.556323,
0.595283,
0.543410,
0.557719,
0.586686,
0.568738,
0.539788,
0.562635,
0.549918,
0.605980,
0.534557,
0.574077,
0.571677,
0.559265,
0.549627,
0.536622,
0.557510,
0.505611,
0.524464,
0.540273,
0.530782,
0.540110,
0.516190,
0.518240,
0.518073,
0.541995,
0.526968,
0.484771,
0.527983,
0.515454,
0.494822,
0.502321,
0.513080,
0.519992,
0.515347,
0.507393,
0.508443,
0.515218,
0.502289,
0.502824,
0.481000,
0.513936,
0.510904,
0.487467,
0.501257,
0.476845,
0.500551,
0.494166,
0.507415,
0.482313,
0.493802,
0.494682,
0.478762,
0.485224,
0.420539,
0.469125,
0.454709,
0.467896,
0.457800,
0.465967,
0.447643,
0.443459,
0.473394,
0.424310,
0.438091,
0.437972,
0.466803,
0.478199,
0.465821,
0.459099,
0.433731,
0.426719,
0.454981,
0.434473,
0.468135,
0.463693,
0.444774,
0.436252,
0.437356,
0.443320,
0.419515,
0.416682,
0.436168,
0.422796,
0.419442,
0.416173,
0.422120,
0.406764,
0.385770,
0.411609,
0.393398,
0.439762,
0.389589,
0.398734,
0.407015,
0.411077,
0.388512,
0.383950,
0.384230,
0.397913,
0.396091,
0.401131,
0.396181,
0.416597,
0.411890,
0.383802,
0.422030,
0.389400,
0.370568,
0.397152,
0.378199,
0.404265,
0.344523,
0.386505,
0.357611,
0.348986,
0.361192,
0.337044,
0.372200,
0.367555,
0.341952,
0.340223,
0.335981,
0.326049,
0.352301,
0.320487,
0.361202,
0.312350,
0.338474,
0.323557,
0.319156,
0.334744,
0.314636,
0.397662,
0.353647,
0.336122,
0.360799,
0.327121,
0.318158,
0.356071,
0.355301,
0.319368,
0.334824,
0.300068,
0.323168,
0.330881,
0.321912,
0.306845,
0.330195,
0.282781,
0.292485,
0.310230,
0.314732,
0.294017,
0.304818,
0.287056,
0.302498,
0.283900,
0.309049,
0.316533,
0.317286,
0.307235,
0.280986,
0.283406,
0.267758,
0.291546,
0.301048,
0.285441,
0.313842,
0.317395,
0.273292,
0.286122,
0.286991,
0.283408,
0.274950,
0.283718,
0.294055,
0.280295,
0.262466,
0.277619,
0.256370,
0.247278,
0.222671,
0.268865,
0.249996,
0.250990,
0.239622,
0.245357,
0.237955,
0.248592,
0.243532,
0.229136,
0.242810,
0.230798,
0.251729,
0.248988,
0.233902,
0.214269,
0.230835,
0.253769,
0.216336,
0.225720,
0.207254,
0.247503,
0.223667,
0.233914,
0.233967,
0.211996,
0.210045,
0.218121,
0.214927,
0.228916,
0.224943,
0.199794,
0.206277,
0.202478,
0.224812,
0.173233,
0.184999,
0.188241,
0.186925,
0.180006,
0.197907,
0.185251,
0.204541,
0.173494,
0.193341,
0.198410,
0.182387,
0.182748,
0.189824,
0.194940,
0.192220,
0.173483,
0.180595,
0.180629,
0.172419,
0.165959,
0.181212,
0.185531,
0.166615,
0.178210,
0.173463,
0.137963,
0.151276,
0.156390,
0.147535,
0.160806,
0.136552,
0.161726,
0.143308,
0.145482,
0.147024,
0.145236,
0.142738,
0.139104,
0.133727,
0.151498,
0.149404,
0.158528,
0.157817,
0.119754,
0.140907,
0.151834,
0.141658,
0.146652,
0.153800,
0.120728,
0.110523,
0.142099,
0.145152,
0.132775,
0.113684,
0.125258,
0.130808,
0.098007,
0.130335,
0.124254,
0.116170,
0.111106,
0.140764,
0.109921,
0.112050,
0.128776,
0.098730,
0.099953,
0.110004,
0.104043,
0.107439,
0.117219,
0.104227,
0.127136,
0.102823,
0.119270,
0.082772,
0.100287,
0.121649,
0.100979,
0.081109,
0.107314,
0.116297,
0.070391,
0.085613,
0.078045,
0.080210,
0.087218,
0.109666,
0.089724,
0.086837,
0.111831,
0.095851,
0.087886,
0.066035,
0.084174,
0.084690,
0.087341,
0.097448,
0.079354,
0.076478,
0.078463,
0.109853,
0.069991,
0.100434,
0.059403,
0.112054,
0.095525,
0.096804,
0.098464,
0.081232,
0.048286,
0.059379,
0.041006,
0.075439,
0.098860,
0.075389,
0.053151,
0.042269,
0.072919,
0.078790,
0.062508,
0.059180,
0.041451,
0.044690,
0.054551,
0.067254,
0.076793,
0.049056,
0.058311,
0.061246,
0.063069,
0.040376,
0.081177,
0.094275,
0.074199,
0.058618,
0.081246,
0.078906,
0.112203,
0.067842,
0.081631,
0.083065,
0.082157,
0.091517,
0.054997,
0.059464,
0.084237,
0.066554,
0.047369,
0.082650,
0.076041,
0.086041,
0.073087,
0.049222,
0.046723,
0.076442,
0.074785,
0.094734,
0.074804,
0.081457,
0.062674,
0.074295,
0.082734,
0.081057,
0.076959,
0.086894,
0.082202,
0.088255,
0.090836,
0.056396,
0.104134,
0.076854,
0.066955,
0.055414,
0.073448,
0.087387,
0.073715,
0.083281,
0.105877,
0.088498,
0.095145,
0.111697,
0.107446,
0.104283,
0.097993,
0.106529,
0.099712,
0.077168,
0.093850,
0.113135,
0.089544,
0.093609,
0.091601,
0.114298,
0.117715,
0.103320,
0.089724,
0.105076,
0.126494,
0.096808,
0.087103,
0.140168,
0.097335,
0.108198,
0.096853,
0.093976,
0.108335,
0.105485,
0.103834,
0.131836,
0.100189,
0.103640,
0.117828,
0.135565,
0.118782,
0.109324,
0.116540,
0.126107,
0.128533,
0.127635,
0.108151,
0.123284,
0.110017,
0.116804,
0.143362,
0.124120,
0.136601,
0.109578,
0.131976,
0.132521,
0.127439,
0.127633,
0.105767,
0.139893,
0.113504,
0.111597,
0.132819,
0.162812,
0.139541,
0.129397,
0.150494,
0.139161,
0.150775,
0.172462,
0.144473,
0.148772,
0.139459,
0.149942,
0.136267,
0.120210,
0.110296,
0.140563,
0.147742,
0.159792,
0.154144,
0.134236,
0.180676,
0.150789,
0.145860,
0.120275,
0.164285,
0.150439,
0.149303,
0.134593,
0.163212,
0.148517,
0.118328,
0.130946,
0.134915,
0.150566,
0.160102,
0.178062,
0.157412,
0.150510,
0.155946,
0.159740,
0.180556,
0.166532,
0.136767,
0.183684,
0.196785,
0.181644,
0.171726,
0.159991,
0.199784,
0.176216,
0.214840,
0.178329,
0.171868,
0.193556,
0.155333,
0.140265,
0.173719,
0.193924,
0.185201,
0.163679,
0.204748,
0.183803,
0.154502,
0.188270,
0.169869,
0.148216,
0.162949,
0.189535,
0.170362,
0.194100,
0.190005,
0.174372,
0.167216,
0.181745,
0.152112,
0.189273,
0.207438,
0.177305,
0.197870,
0.181469,
0.191520,
0.184981,
0.203022,
0.224661,
0.180364,
0.185195,
0.205347,
0.199256,
0.158407,
0.203967,
0.175855,
0.193368,
0.182371,
0.222897,
0.190533,
0.203698,
0.183017,
0.193755,
0.235682,
0.193948,
0.200358,
0.211270,
0.184735,
0.204680,
0.194522,
0.204154,
0.197554,
0.206118,
0.197919,
0.191696,
0.198209,
0.217797,
0.219745,
0.203769,
0.218765,
0.195877,
0.227596,
0.206991,
0.226824,
0.179614,
0.238309,
0.204715,
0.218456,
0.229152,
0.204769,
0.215859,
0.209726,
0.223414,
0.221317,
0.231010,
0.217874,
0.223452,
0.225205,
0.184914,
0.221983,
0.206295,
0.215102,
0.222186,
0.208845,
0.229395,
0.223471,
0.197583,
0.249028,
0.192873,
0.228223,
0.179379,
0.200252,
0.227463,
0.222019,
0.242934,
0.200063,
0.244929,
0.224700,
0.217905,
0.237519,
0.199050,
0.209490,
0.220352,
0.235610,
0.237463,
0.195276,
0.214137,
0.248378,
0.215608,
0.236501,
0.220844,
0.226109,
0.230788,
0.200923,
0.237958,
0.219835,
0.243895,
0.230770,
0.228652,
0.206389,
0.226825,
0.247493,
0.233834,
0.254937,
0.228435,
0.212953,
0.239969,
0.263203,
0.207899,
0.235421,
0.223169,
0.216225,
0.214853,
0.236281,
0.229661,
0.238876,
0.210470,
0.199279,
0.226481,
0.224355,
0.246821,
0.237442,
0.254352,
0.251797,
0.196809,
0.237250,
0.234486,
0.232542,
0.209111,
0.259341,
0.239000,
0.259104,
0.250022,
0.236897,
0.222301,
0.228126,
0.239767,
0.248870,
0.236261,
0.230838,
0.251085,
0.249713,
0.211596,
0.248305,
0.238031,
0.226275,
0.222798,
0.210413,
0.239493,
0.226434,
0.233998,
0.239005,
0.238863,
0.224103,
0.199188,
0.225525,
0.279327,
0.252040,
0.233472,
0.226540,
0.229223,
0.231704,
0.257078,
0.237501,
0.221229,
0.209201,
0.230745,
0.243565,
0.244914,
0.225736,
0.224741,
0.210834,
0.216144,
0.199842,
0.240486,
0.209549,
0.228801,
0.239144,
0.219735,
0.214359,
0.252812,
0.231013,
0.222737,
0.229586,
0.233108,
0.189282,
0.210454,
0.231259,
0.234298,
0.236429,
0.244038,
0.252640,
0.211642,
0.215429,
0.242711,
0.230451,
0.256439,
0.251144,
0.245709,
0.251053,
0.222044,
0.230085,
0.236208,
0.227356,
0.236715,
0.274889,
0.225292,
0.234925,
0.254611,
0.244915,
0.255280,
0.245885,
0.231987,
0.237414,
0.199056,
0.219882,
0.231372,
0.246861,
0.230224,
0.225279,
0.208533,
0.245755,
0.240035,
0.231347,
0.229852,
0.238109,
0.233521,
0.200808,
0.241964,
0.225365,
0.216981,
0.235643,
0.243885,
0.212159,
0.239779,
0.248697,
0.247323,
0.228441,
0.231821,
0.247135,
0.191327,
0.227943,
0.228527,
0.238688,
0.205349,
0.210697,
0.231944,
0.245052,
0.226160,
0.237317,
0.246292,
0.220379,
0.206248,
0.219965,
0.242163,
0.231923,
0.224711,
0.245587,
0.181688,
0.232973,
0.233353,
0.199592,
0.214615,
0.254501,
0.198423,
0.196709,
0.185466,
0.240967,
0.264591,
0.229050,
0.221979,
0.238692,
0.210984,
0.227562,
0.248689,
0.233216,
0.213189,
0.173629,
0.230447,
0.218794,
0.228864,
0.200145,
0.237074,
0.208215,
0.224509,
0.180353,
0.213147,
0.249358,
0.193678,
0.241224,
0.208904,
0.259718,
0.257033,
0.197964,
0.206718,
0.231057,
0.242575,
0.200919,
0.207060,
0.164858,
0.201576,
0.202794,
0.200634,
0.234834,
0.182995,
0.219844,
0.201495,
0.240601,
0.217550,
0.188727,
0.204928,
0.184147,
0.219713,
0.208198,
0.207419,
0.213337,
0.217116,
0.189967,
0.194584,
0.210585,
0.179784,
0.217125,
0.199986,
0.207621,
0.196534,
0.223352,
0.183382,
0.200140,
0.194175,
0.198282,
0.197796,
0.196343,
0.203707,
0.206932,
0.191262,
0.197989,
0.192578,
0.202200,
0.192879,
0.186963,
0.203063,
0.182301,
0.214973,
0.165146,
0.211975,
0.197294,
0.168532,
0.191285,
0.182654,
0.209090,
0.175658,
0.194438,
0.186349,
0.207101,
0.192762,
0.177124,
0.185886,
0.177964,
0.178221,
0.167455,
0.184527,
0.202320,
0.193062,
0.178117,
0.175528,
0.189896,
0.182363,
0.165162,
0.186025,
0.162262,
0.177809,
0.194695,
0.181296,
0.174538,
0.172620,
0.167932,
0.168975,
0.187409,
0.149344,
0.164760,
0.169412,
0.169877,
0.175130,
0.160915,
0.177594,
0.173279,
0.180032,
0.187215,
0.158227,
0.170074,
0.152594,
0.174812,
0.182574,
0.171293,
0.143812,
0.181840,
0.173881,
0.155085,
0.168936,
0.172471,
0.161819,
0.145839,
0.163490,
0.158181,
0.172407,
0.134115,
0.146060,
0.181236,
0.152539,
0.151333,
0.149542,
0.151429,
0.138822,
0.162628,
0.150959,
0.150424,
0.164451,
0.138057,
0.146447,
0.164969,
0.162641,
0.146986,
0.154981,
0.154015,
0.168273,
0.163434,
0.154946,
0.144023,
0.158973,
0.151677,
0.157504,
0.154304,
0.138205,
0.151550,
0.115869,
0.147422,
0.139928,
0.152349,
0.135737,
0.159370,
0.118733,
0.145994,
0.131876,
0.149099,
0.126898,
0.143884,
0.145577,
0.123804,
0.134480,
0.152084,
0.154401,
0.128696,
0.122715,
0.126849,
0.153018,
0.133203,
0.126768,
0.139592,
0.119211,
0.140248,
0.145863,
0.140757,
0.116026,
0.111329,
0.130187,
0.122477,
0.105587,
0.131663,
0.115601,
0.118363,
0.119418,
0.096967,
0.128672,
0.124706,
0.118806,
0.110699,
0.121525,
0.097429,
0.100473,
0.115213,
0.114957,
0.112440,
0.123246,
0.129572,
0.119638,
0.111306,
0.101948,
0.129034,
0.107385,
0.116176,
0.099401,
0.107494,
0.103905,
0.096622,
0.107677,
0.117913,
0.127488,
0.105672,
0.099633,
0.095500,
0.108892,
0.077571,
0.072546,
0.101798,
0.074726,
0.082209,
0.094521,
0.106636,
0.109854,
0.089095,
0.080623,
0.085786,
0.103015,
0.104416,
0.105787,
0.106948,
0.105600,
0.082497,
0.092235,
0.088406,
0.088940,
0.106761,
0.092854,
0.084452,
0.104591,
0.092601,
0.072938,
0.069008,
0.086724,
0.103967,
0.074984,
0.068432,
0.089309,
0.073531,
0.070575,
0.077521,
0.086319,
0.091423,
0.074442,
0.071261,
0.096497,
0.086469,
0.085681,
0.061490,
0.076185,
0.076914,
0.061458,
0.069919,
0.060657,
0.069499,
0.066454,
0.070242,
0.102178,
0.085452,
0.080177,
0.090281,
0.053867,
0.071712,
0.067302,
0.067394,
0.077170,
0.051101,
0.056175,
0.046779,
0.070587,
0.050154,
0.052976,
0.058078,
0.057761,
0.047539,
0.076759,
0.067653,
0.084004,
0.057421,
0.065708,
0.049853,
0.043936,
0.046836,
0.049446,
0.057671,
0.054589,
0.068489,
0.064569,
0.055091,
0.033690,
0.061208,
0.063682,
0.040101,
0.038136,
0.067921,
0.070491,
0.028884,
0.044027,
0.058297,
0.044049,
0.036047,
0.056615,
0.024323,
0.061304,
0.036577,
0.032429,
0.060221,
0.022594,
0.050246,
0.044470,
0.041944,
0.048063,
0.048074,
0.047847,
0.042508,
0.023057,
0.018394,
0.045234,
0.033042,
0.039978,
0.016248,
0.035556,
0.032352,
0.029399,
0.044820,
0.042933,
0.016290,
0.036117,
0.025603,
0.042341,
0.029710,
0.026393,
0.039798,
0.055458,
0.061439,
0.056704,
0.027146,
0.054574,
0.056036,
0.044845,
0.042873,
0.032435,
0.025907,
0.034923,
0.034801,
0.041030,
0.059596,
0.027837,
0.039298,
0.021342,
0.055000,
0.020597,
0.022913,
0.030236,
0.043907,
0.037469,
0.019044,
0.036194,
0.040833,
0.045587,
0.043394,
0.041715,
0.042542,
0.042012,
0.047666,
0.037382,
0.054951,
0.021471,
0.048965,
0.024711,
0.055640,
0.045811,
0.046820,
0.057155,
0.056096,
0.041376,
0.040265,
0.041931,
0.053842,
0.022777,
0.042312,
0.020526,
0.037139,
0.066461,
0.063346,
0.051083,
0.059188,
0.041085,
0.046343,
0.049296,
0.052524,
0.040225,
0.032402,
0.062478,
0.057427,
0.058273,
0.049135,
0.053091,
0.033461,
0.054591,
0.054042,
0.060810,
0.037242,
0.054550,
0.066626,
0.042464,
0.043852,
0.053124,
0.059482,
0.059264,
0.057800,
0.042683,
0.066178,
0.070843,
0.038570,
0.059031,
0.049955,
0.058094,
0.079060,
0.068568,
0.059491,
0.081307,
0.054362,
0.053146,
0.060898,
0.074029,
0.089533,
0.063702,
0.074068,
0.071861,
0.074886,
0.055576,
0.063493,
0.066449,
0.050372,
0.060906,
0.060937,
0.064099,
0.083887,
0.074099,
0.063413,
0.086017,
0.072630,
0.076850,
0.080230,
0.083341,
0.070341,
0.068191,
0.071521,
0.077745,
0.070059,
0.076659,
0.085627,
0.070497,
0.079429,
0.102392,
0.069649,
0.098371,
0.094313,
0.082823,
0.067129,
0.085766,
0.069756,
0.071564,
0.106808,
0.097177,
0.094513,
0.088268,
0.082704,
0.069995,
0.086155,
0.088988,
0.086445,
0.066818,
0.101098,
0.086948,
0.086566,
0.091632,
0.077916,
0.091151,
0.092060,
0.096934,
0.095815,
0.098267,
0.085355,
0.057500,
0.096877,
0.085902,
0.085916,
0.108266,
0.083541,
0.085751,
0.103137,
0.074489,
0.096489,
0.125112,
0.087441,
0.114460,
0.107030,
0.084576,
0.099526,
0.110172,
0.114062,
0.080779,
0.094953,
0.113040,
0.108481,
0.084337,
0.094642,
0.113443,
0.103478,
0.110652,
0.096153,
0.099031,
0.093481,
0.103000,
0.082150,
0.112325,
0.109694,
0.117877,
0.111905,
0.114031,
0.123966,
0.127988,
0.106646,
0.120622,
0.120356,
0.107879,
0.111670,
0.113660,
0.113991,
0.104842,
0.120117,
0.106728,
0.094738,
0.109549,
0.114864,
0.116554,
0.119214,
0.122294,
0.105895,
0.122000,
0.116376,
0.134319,
0.113804,
0.116825,
0.125466,
0.109839,
0.098729,
0.112209,
0.121644,
0.093108,
0.105460,
0.118230,
0.106410,
0.126399,
0.107478,
0.104357,
0.131985,
0.118795,
0.130716,
0.122407,
0.121198,
0.118751,
0.130119,
0.121166,
0.118605,
0.117412,
0.125280,
0.113395,
0.135872,
0.116682,
0.121370,
0.120259,
0.112344,
0.115816,
0.132958,
0.122917,
0.110906,
0.121549,
0.134812,
0.140228,
0.125566,
0.125041,
0.126718,
0.134052,
0.138445,
0.143513,
0.131749,
0.130711,
0.148010,
0.131771,
0.132695,
0.122994,
0.139874,
0.154317,
0.146945,
0.127425,
0.135132,
0.142466,
0.127681,
0.130847,
0.109761,
0.124258,
0.150416,
0.141435,
0.157029,
0.143227,
0.146605,
0.129482,
0.133824,
0.134473,
0.126354,
0.132672,
0.153612,
0.148887,
0.114902,
0.144015,
0.136390,
0.132295,
0.126355,
0.133453,
0.146213,
0.145038,
0.153313,
0.123542,
0.143127,
0.115741,
0.134228,
0.126424,
0.125695,
0.159215,
0.135528,
0.139405,
0.127413,
0.157679,
0.143847,
0.154330,
0.138303,
0.135154,
0.145044,
0.136779,
0.144746,
0.147069,
0.140038,
0.154220,
0.172834,
0.142055,
0.136037,
0.146204,
0.130306,
0.157131,
0.144298,
0.132586,
0.143411,
0.144701,
0.141158,
0.140324,
0.123459,
0.159219,
0.159717,
0.133303,
0.145825,
0.127695,
0.124527,
0.138179,
0.142437,
0.160492,
0.133664,
0.148238,
0.147444,
0.149929,
0.143826,
0.164915,
0.148595,
0.139099,
0.139373,
0.143271,
0.152528,
0.147756,
0.134292,
0.152092,
0.159139,
0.140231,
0.145514,
0.164366,
0.135263,
0.129492,
0.133141,
0.146610,
0.148085,
0.135305,
0.139437,
0.163286,
0.157249,
0.149475,
0.153647,
0.156564,
0.148489,
0.124950,
0.158644,
0.147866,
0.163916,
0.128511,
0.152364,
0.149362,
0.146308,
0.129322,
0.142111,
0.150608,
0.159639,
0.143148,
0.150662,
0.159644,
0.154305,
0.124655,
0.158169,
0.135107,
0.154442,
0.149312,
0.118147,
0.153085,
0.163611,
0.163266,
0.125773,
0.153553,
0.171541,
0.145489,
0.165980,
0.132530,
0.138190,
0.122681,
0.132339,
0.153556,
0.160619,
0.150443,
0.149224,
0.158741,
0.158646,
0.159605,
0.144791,
0.144015,
0.136867,
0.130425,
0.148271,
0.147502,
0.155498,
0.140413,
0.163720,
0.144040,
0.156958,
0.156925,
0.179758,
0.156759,
0.184217,
0.137845,
0.144737,
0.146344,
0.141006,
0.148575,
0.136096,
0.142863,
0.155786,
0.160320,
0.146119,
0.151039,
0.147066,
0.138740,
0.145072,
0.148719,
0.160063,
0.154013,
0.145681,
0.147026,
0.150631,
0.173615,
0.138548,
0.168113,
0.150701,
0.140168,
0.118669,
0.145707,
0.143444,
0.147682,
0.133886,
0.142053,
0.144972,
0.124148,
0.143594,
0.142743,
0.158195,
0.151470,
0.150251,
0.146322,
0.131083,
0.143320,
0.153791,
0.136507,
0.165140,
0.155727,
0.139238,
0.143955,
0.153585,
0.152998,
0.146110,
0.137868,
0.155412,
0.150208,
0.132380,
0.134181,
0.120902,
0.143290,
0.137827,
0.140299,
0.158630,
0.142519,
0.145882,
0.160189,
0.148638,
0.167970,
0.151011,
0.132508,
0.145026,
0.134831,
0.130245,
0.151175,
0.143734,
0.146514,
0.130626,
0.142992,
0.112424,
0.126707,
0.115126,
0.124456,
0.146267,
0.131744,
0.144905,
0.128390,
0.131440,
0.115508,
0.139497,
0.141849,
0.136912,
0.126903,
0.144909,
0.132078,
0.146863,
0.124492,
0.139272,
0.136089,
0.124421,
0.142535,
0.142954,
0.129467,
0.125649,
0.144445,
0.149925,
0.149582,
0.125260,
0.135989,
0.145118,
0.130156,
0.123352,
0.124128,
0.139040,
0.106896,
0.115264,
0.122437,
0.136438,
0.112384,
0.131629,
0.104622,
0.115180,
0.111554,
0.130819,
0.144009,
0.122402,
0.122336,
0.115149,
0.147299,
0.115338,
0.119591,
0.121265,
0.131955,
0.117135,
0.129791,
0.130582,
0.127465,
0.127503,
0.126113,
0.136296,
0.136445,
0.129692,
0.113572,
0.120085,
0.133088,
0.130905,
0.119957,
0.120141,
0.122735,
0.134320,
0.106782,
0.142070,
0.134928,
0.124614,
0.142201,
0.111525,
0.128230,
0.125576,
0.104623,
0.119892,
0.118940,
0.127534,
0.133367,
0.129783,
0.113508,
0.114451,
0.092497,
0.121001,
0.122940,
0.098435,
0.105613,
0.113331,
0.109131,
0.112186,
0.105091,
0.116669,
0.113373,
0.126492,
0.103002,
0.103333,
0.109505,
0.090194,
0.124262,
0.094064,
0.105885,
0.103744,
0.127144,
0.110321,
0.098388,
0.111349,
0.104503,
0.111190,
0.104935,
0.089346,
0.098412,
0.112458,
0.101565,
0.094838,
0.108192,
0.098608,
0.087975,
0.104425,
0.091798,
0.094157,
0.096684,
0.085423,
0.109043,
0.097126,
0.086629,
0.086470,
0.096494,
0.097272,
0.095474,
0.095654,
0.092301,
0.108581,
0.102820,
0.109094,
0.102571,
0.084133,
0.115895,
0.099758,
0.083912,
0.082853,
0.080335,
0.090850,
0.084941,
0.104460,
0.074573,
0.065757,
0.088778,
0.094875,
0.079557,
0.093955,
0.097824,
0.075244,
0.082526,
0.094303,
0.082397,
0.090196,
0.096428,
0.078294,
0.091746,
0.087081,
0.082414,
0.074235,
0.085291,
0.084538,
0.079275,
0.091254,
0.077127,
0.083964,
0.067479,
0.085022,
0.103083,
0.082168,
0.094171,
0.082821,
0.098309,
0.078236,
0.084419,
0.077876,
0.082175,
0.087313,
0.062097,
0.062927,
0.068098,
0.076736,
0.086809,
0.082142,
0.077660,
0.059050,
0.077453,
0.075195,
0.087753,
0.063303,
0.084993,
0.076792,
0.071498,
0.052837,
0.072239,
0.074072,
0.072572,
0.082747,
0.065058,
0.071364,
0.050442,
0.059156,
0.061519,
0.053198,
0.031650,
0.071120,
0.062865,
0.060703,
0.045431,
0.068930,
0.064416,
0.061133,
0.065715,
0.074165,
0.068443,
0.053718,
0.056860,
0.049189,
0.055399,
0.060729,
0.076554,
0.054609,
0.048833,
0.056715,
0.051981,
0.063295,
0.068856,
0.054548,
0.065297,
0.064429,
0.060842,
0.033998,
0.051940,
0.046167,
0.037090,
0.045732,
0.064852,
0.054519,
0.044853,
0.061502,
0.042761,
0.062126,
0.054033,
0.051840,
0.029775,
0.046639,
0.039799,
0.038013,
0.054714,
0.047879,
0.049301,
0.053067,
0.039664,
0.038619,
0.047574,
0.038937,
0.024973,
0.042586,
0.035770,
0.021127,
0.036440,
0.056703,
0.025922,
0.036759,
0.037274,
0.043148,
0.060740,
0.030458,
0.034468,
0.045229,
0.037278,
0.025362,
0.041659,
0.049876,
0.040437,
0.030472,
0.044093,
0.029005,
0.030116,
0.038832,
0.030814,
0.042750,
0.033578,
0.034010,
0.027745,
0.028111,
0.022021,
0.049271,
0.034902,
0.031696,
0.028138,
0.040785,
0.028655,
0.027693,
0.032913,
0.023153,
0.049966,
0.039105,
0.020213,
0.042566,
0.019599,
0.037406,
0.026288,
0.033197,
0.033352,
0.037609,
0.029310,
0.027483,
0.021840,
0.022768,
0.024595,
0.030095,
0.044897,
0.029812,
0.020271,
0.025099,
0.027233,
0.017888,
0.027242,
0.038347,
0.035610,
0.022628,
0.032718,
0.012178,
0.039041,
0.006916,
0.027395,
0.023732,
0.033568,
0.031035,
0.017570,
0.036671,
0.030188,
0.013357,
0.016646,
0.034614,
0.030439,
0.017642,
0.049356,
0.028447,
0.014457,
0.016822,
0.030092,
0.039768,
0.021032,
0.034103,
0.035452,
0.029559,
0.011690,
0.033115,
0.036931,
0.038151,
0.045785,
0.030628,
0.030557,
0.048276,
0.023763,
0.027300,
0.033652,
0.036560,
0.023526,
0.029142,
0.031827,
0.042808,
0.046882,
0.024882,
0.029097,
0.034801,
0.032167,
0.048820,
0.034528,
0.034143,
0.038629,
0.039697,
0.038769,
0.025213,
0.044919,
0.042300,
0.036112,
0.027743,
0.036840,
0.046436,
0.040951,
0.039420,
0.049629,
0.037280,
0.041228,
0.035347,
0.019933,
0.039874,
0.047267,
0.024053,
0.038375,
0.053417,
0.040732,
0.039902,
0.035020,
0.061029,
0.059305,
0.034984,
0.049316,
0.041548,
0.036436,
0.036097,
0.053858,
0.050104,
0.040499,
0.034355,
0.062875,
0.066043,
0.050513,
0.048299,
0.033259,
0.051653,
0.052951,
0.044449,
0.048840,
0.034365,
0.046855,
0.041325,
0.053485,
0.052659,
0.064063,
0.032843,
0.043514,
0.057592,
0.037536,
0.053326,
0.062388,
0.062743,
0.062925,
0.062712,
0.068907,
0.073379,
0.033334,
0.067487,
0.053343,
0.059047,
0.058875,
0.061335,
0.055177,
0.069354,
0.058476,
0.072482,
0.048147,
0.082412,
0.076815,
0.059700,
0.088833,
0.067900,
0.085381,
0.059656,
0.067819,
0.071672,
0.078858,
0.064503,
0.067893,
0.067848,
0.070704,
0.067007,
0.071622,
0.077510,
0.075434,
0.065390,
0.077351,
0.069186,
0.062883,
0.069934,
0.080686,
0.064122,
0.077362,
0.069617,
0.079868,
0.075230,
0.076677,
0.096612,
0.066683,
0.074820,
0.086575,
0.069966,
0.089539,
0.090633,
0.084604,
0.089121,
0.075636,
0.075122,
0.083013,
0.083213,
0.072893,
0.087112,
0.064662,
0.083648,
0.064416,
0.070740,
0.074321,
0.075398,
0.085463,
0.083002,
0.076039,
0.084084,
0.097724,
0.092799,
0.065590,
0.076313,
0.086647,
0.084236,
0.075750,
0.097417,
0.064976,
0.075214,
0.073167,
0.066794,
0.090024,
0.085258,
0.086471,
0.089984,
0.092616,
0.095150,
0.086269,
0.080473,
0.100865,
0.074689,
0.097458,
0.093821,
0.083458,
0.090948,
0.075119,
0.085193,
0.091401,
0.097394,
0.075636,
0.102836,
0.094259,
0.081143,
0.090488,
0.096024,
0.097644,
0.087080,
0.078442,
0.080592,
0.078765,
0.086693,
0.090031,
0.105769,
0.082967,
0.078660,
0.106532,
0.109672,
0.075972,
0.112515,
0.089441,
0.084836,
0.087033,
0.101082,
0.098438,
0.085119,
0.090924,
0.089527,
0.121760,
0.102375,
0.090237,
0.099062,
0.109429,
0.101901,
0.097441,
0.102550,
0.103303,
0.099335,
0.097680,
0.094525,
0.109808,
0.095532,
0.112233,
0.099746,
0.117546,
0.098014,
0.110316,
0.094378,
0.094376,
0.101207,
0.125972,
0.079673,
0.125957,
0.105827,
0.088773,
0.094724,
0.102788,
0.112068,
0.115610,
0.117046,
0.094590,
0.088175,
0.097212,
0.096530,
0.129877,
0.104486,
0.108109,
0.097006,
0.099719,
0.109832,
0.110063,
0.105712,
0.113845,
0.101453,
0.100819,
0.099531,
0.096201,
0.105271,
0.107343,
0.096758,
0.092575,
0.118596,
0.108314,
0.096044,
0.100573,
0.108771,
0.123941,
0.092139,
0.099644,
0.126167,
0.101123,
0.117703,
0.118580,
0.105764,
0.113886,
0.095529,
0.125541,
0.125253,
0.102040,
0.120040,
0.119111,
0.118871,
0.109085,
0.098754,
0.120203,
0.117550,
0.114820,
0.099839,
0.110714,
0.106796,
0.115728,
0.113552,
0.118316,
0.104404,
0.113090,
0.114397,
0.115610,
0.088609,
0.123412,
0.113370,
0.118401,
0.106266,
0.139002,
0.116586,
0.108804,
0.112151,
0.119973,
0.115554,
0.111205,
0.130272,
0.105542,
0.093009,
0.138323,
0.106789,
0.121199,
0.119093,
0.119654,
0.124010,
0.091884,
0.101152,
0.121937,
0.121778,
0.113953,
0.093697,
0.132191,
0.116522,
0.121311,
0.105328,
0.112544,
0.131767,
0.122725,
0.099129,
0.130972,
0.127251,
0.122221,
0.133856,
0.096979,
0.109469,
0.129127,
0.117024,
0.111778,
0.111580,
0.108019,
0.118141,
0.117922,
0.119429,
0.118382,
0.137983,
0.123421,
0.108301,
0.112479,
0.139523,
0.112434,
0.109694,
0.101253,
0.116132,
0.116633,
0.124840,
0.118706,
0.121181,
0.106531,
0.112452,
0.117658,
0.128473,
0.115611,
0.129560,
0.103214,
0.103227,
0.127748,
0.094357,
0.119643,
0.116159,
0.140317,
0.130253,
0.112255,
0.132377,
0.115137,
0.112068,
0.112411,
0.118845,
0.116332,
0.114573,
0.123562,
0.136731,
0.110245,
0.117435,
0.122772,
0.109441,
0.129432,
0.130084,
0.104583,
0.091601,
0.117564,
0.125653,
0.128440,
0.109864,
0.118189,
0.111363,
0.117933,
0.107098,
0.141704,
0.113973,
0.108515,
0.116590,
0.114156,
0.132413,
0.099534,
0.124977,
0.117663,
0.119296,
0.119064,
0.115233,
0.102591,
0.120998,
0.105326,
0.105546,
0.096094,
0.104222,
0.128638,
0.094091,
0.118667,
0.116418,
0.116451,
0.115442,
0.099725,
0.125685,
0.127050,
0.122534,
0.096480,
0.118689,
0.101251,
0.133214,
0.115235,
0.125612,
0.134923,
0.121990,
0.105743,
0.128691,
0.123944,
0.123829,
0.118338,
0.107125,
0.102997,
0.109662,
0.111706,
0.110867,
0.115079,
0.115650,
0.109704,
0.110065,
0.119028,
0.119463,
0.116514,
0.120650,
0.115792,
0.118544,
0.111888,
0.107665,
0.107834,
0.126374,
0.106029,
0.118153,
0.111915,
0.104647,
0.098580,
0.106116,
0.122111,
0.107595,
0.101317,
0.110333,
0.124878,
0.105278,
0.114649,
0.096200,
0.103068,
0.097663,
0.105739,
0.103561,
0.110870,
0.115243,
0.125177,
0.107049,
0.110384,
0.111102,
0.117545,
0.105711,
0.111826,
0.112250,
0.090593,
0.101464,
0.095501,
0.114126,
0.096671,
0.106205,
0.091256,
0.102724,
0.103090,
0.128779,
0.118404,
0.104662,
0.089884,
0.091071,
0.096936,
0.098756,
0.120787,
0.107903,
0.099871,
0.096532,
0.094833,
0.114772,
0.094438,
0.087650,
0.090533,
0.101823,
0.097433,
0.113972,
0.120113,
0.108020,
0.108106,
0.109311,
0.088265,
0.105395,
0.083432,
0.108380,
0.101531,
0.117831,
0.114384,
0.102953,
0.095293,
0.077943,
0.118609,
0.121263,
0.097815,
0.103147,
0.089746,
0.084182,
0.087882,
0.096280,
0.085069,
0.098882,
0.090400,
0.093265,
0.112143,
0.101117,
0.079828,
0.111245,
0.089039,
0.105889,
0.080277,
0.084217,
0.098538,
0.098157,
0.093404,
0.115089,
0.096425,
0.081483,
0.086201,
0.086713,
0.090686,
0.088100,
0.095781,
0.066875,
0.104161,
0.089821,
0.072539,
0.089845,
0.096391,
0.081372,
0.085052,
0.093580,
0.076451,
0.094028,
0.079557,
0.081373,
0.084080,
0.099974,
0.080387,
0.083491,
0.072190,
0.082070,
0.098123,
0.091810,
0.075214,
0.094703,
0.091394,
0.097755,
0.084911,
0.082510,
0.096119,
0.079497,
0.098724,
0.075181,
0.077732,
0.078896,
0.097610,
0.073185,
0.083572,
0.076345,
0.079423,
0.075991,
0.072366,
0.067792,
0.082519,
0.065234,
0.076028,
0.067175,
0.078223,
0.070915,
0.082442,
0.069453,
0.078686,
0.070668,
0.081509,
0.082828,
0.072620,
0.082850,
0.091890,
0.085375,
0.076941,
0.073923,
0.071334,
0.066677,
0.088305,
0.064359,
0.068033,
0.075242,
0.059622,
0.050196,
0.077636,
0.060658,
0.073649,
0.078644,
0.057483,
0.062678,
0.072496,
0.064972,
0.054759,
0.065892,
0.067244,
0.073475,
0.060465,
0.053642,
0.064078,
0.059291,
0.054597,
0.069910,
0.070023,
0.054293,
0.074727,
0.059043,
0.071099,
0.053757,
0.069022,
0.061131,
0.064835,
0.058916,
0.071259,
0.065248,
0.066784,
0.051266,
0.046801,
0.051894,
0.051528,
0.063250,
0.035741,
0.025968,
0.043749,
0.060411,
0.057961,
0.057704,
0.051754,
0.050670,
0.054995,
0.037935,
0.046418,
0.048183,
0.062452,
0.052663,
0.041474,
0.042296,
0.059730,
0.054175,
0.066549,
0.041772,
0.032072,
0.050561,
0.057720,
0.045763,
0.032921,
0.040669,
0.054348,
0.059811,
0.048058,
0.055546,
0.037903,
0.044091,
0.053314,
0.043747,
0.032242,
0.049519,
0.035819,
0.034116,
0.039753,
0.042076,
0.052382,
0.028192,
0.053324,
0.050552,
0.040571,
0.041465,
0.034841,
0.043476,
0.026491,
0.044085,
0.036406,
0.042232,
0.043780,
0.038274,
0.031816,
0.037367,
0.034730,
0.053076,
0.036327,
0.048280,
0.030415,
0.026573,
0.041201,
0.033380,
0.044759,
0.043638,
0.032591,
0.027186,
0.021356,
0.051623,
0.071920,
0.042483,
0.027673,
0.043144,
0.010414,
0.039719,
0.024446,
0.043723,
0.036269,
0.023268,
0.030927,
0.028478,
0.028288,
0.028406,
0.033699,
0.026164,
0.031397,
0.015647,
0.022090,
0.039787,
0.033062,
0.030304,
0.033939,
0.027259,
0.026841,
0.029628,
0.023639,
0.020444,
0.035634,
0.017044,
0.020198,
0.021082,
0.009476,
0.024347,
0.031982,
0.029086,
0.019236,
0.028042,
0.013702,
0.035955,
0.025736,
0.025568,
0.015321,
0.031766,
0.028065,
0.018713,
0.010799,
0.016565,
0.022235,
0.015404,
0.012495,
0.025522,
0.023077,
0.019948,
0.030089,
0.047436,
0.039038,
0.033643,
0.022632,
0.022218,
0.032791,
0.010757,
0.013761,
0.036672,
0.031476,
0.021442,
0.005848,
0.037002,
0.040750,
0.013315,
0.023330,
0.011494,
0.021588,
0.015815,
0.020402,
0.029865,
0.032922,
0.022336,
0.038574,
0.025052,
0.031448,
0.021982,
0.027067,
0.019012,
0.030686,
0.017640,
0.026404,
0.029234,
0.029244,
0.027717,
0.035032,
0.024041,
0.037971,
0.025512,
0.022622,
0.021399,
0.038915,
0.026982,
0.029876,
0.028475,
0.015500,
0.022841,
0.046532,
0.028730,
0.024586,
0.018598,
0.036661,
0.029466,
0.028338,
0.034436,
0.007006,
0.011477,
0.039514,
0.033216,
0.015997,
0.059515,
0.035620,
0.048649,
0.042980,
0.029708,
0.033488,
0.026750,
0.020513,
0.040671,
0.039572,
0.047515,
0.032881,
0.032424,
0.035511,
0.021990,
0.025899,
0.034101,
0.046536,
0.054986,
0.036639,
0.049175,
0.043278,
0.054337,
0.025700,
0.047274,
0.044034,
0.032492,
0.046660,
0.047334,
0.040534,
0.042461,
0.051997,
0.055749,
0.038055,
0.034431,
0.021925,
0.054791,
0.048281,
0.044141,
0.048437,
0.054035,
0.030427,
0.044553,
0.052839,
0.057254,
0.049725,
0.049668,
0.048279,
0.049951,
0.041972,
0.054772,
0.067281,
0.038384,
0.044102,
0.050775,
0.035455,
0.066298,
0.037094,
0.056240,
0.041629,
0.052488,
0.064908,
0.063343,
0.045612,
0.045634,
0.037901,
0.042253,
0.034911,
0.081956,
0.036328,
0.043775,
0.059470,
0.059621,
0.044110,
0.051233,
0.069936,
0.068158,
0.045770,
0.054872,
0.047482,
0.045835,
0.053913,
0.048585,
0.056190,
0.062919,
0.060257,
0.070913,
0.066509,
0.043721,
0.062140,
0.077096,
0.064943,
0.076772,
0.071638,
0.055043,
0.048579,
0.071159,
0.070692,
0.060038,
0.053251,
0.059641,
0.060079,
0.062995,
0.067430,
0.063485,
0.068618,
0.057574,
0.074037,
0.082871,
0.048798,
0.067889,
0.061854,
0.064227,
0.058980,
0.052120,
0.086519,
0.077933,
0.048864,
0.072024,
0.065434,
0.082534,
0.074113,
0.068729,
0.079635,
0.073815,
0.084427,
0.068477,
0.078017,
0.081945,
0.082137,
0.076592,
0.083801,
0.062789,
0.081585,
0.078314,
0.061384,
0.075395,
0.070803,
0.061110,
0.081085,
0.051721,
0.071968,
0.074941,
0.071087,
0.069854,
0.072383,
0.079546,
0.069529,
0.070350,
0.098571,
0.067352,
0.078883,
0.067748,
0.064957,
0.077411,
0.077505,
0.085758,
0.079593,
0.077205,
0.077791,
0.087995,
0.069662,
0.075473,
0.068171,
0.080947,
0.080918,
0.074039,
0.075316,
0.071719,
0.085356,
0.080852,
0.107459,
0.097299,
0.089463,
0.076479,
0.078899,
0.093880,
0.091749,
0.109852,
0.093108,
0.082141,
0.092814,
0.084088,
0.093160,
0.097291,
0.082823,
0.076149,
0.100081,
0.078569,
0.096470,
0.083446,
0.088586,
0.107641,
0.071534,
0.102746,
0.067102,
0.105771,
0.093552,
0.090097,
0.085943,
0.086450,
0.079616,
0.084189,
0.101653,
0.093571,
0.096311,
0.081832,
0.104536,
0.108352,
0.089870,
0.105213,
0.099507,
0.106474,
0.083465,
0.090238,
0.079122,
0.088607,
0.094868,
0.084421,
0.092121,
0.073292,
0.097694,
0.076728,
0.092334,
0.082136,
0.089299,
0.087730,
0.079188,
0.096836,
0.104194,
0.089944,
0.086838,
0.081033,
0.097807,
0.099996,
0.091129,
0.087187,
0.112771,
0.093588,
0.104926,
0.094031,
0.107551,
0.108833,
0.107433,
0.103293,
0.106815,
0.108859,
0.116333,
0.089873,
0.105530,
0.090859,
0.095037,
0.106027,
0.104443,
0.109479,
0.106489,
0.101407,
0.096744,
0.099270,
0.101947,
0.096346,
0.107030,
0.108653,
0.109561,
0.087961,
0.103143,
0.083007,
0.108410,
0.104906,
0.104929,
0.094138,
0.104462,
0.109378,
0.110912,
0.088667,
0.122095,
0.115825,
0.092767,
0.099692,
0.103626,
0.102572,
0.094601,
0.107320,
0.113243,
0.105730,
0.091565,
0.111688,
0.104150,
0.115320,
0.103560,
0.089394,
0.103449,
0.095979,
0.104829,
0.097079,
0.103014,
0.099112,
0.117804,
0.119384,
0.110510,
0.097404,
0.101060,
0.112721,
0.111064,
0.086243,
0.105254,
0.111846,
0.115040,
0.092277,
0.090566,
0.107187,
0.090133,
0.101177,
0.098997,
0.110719,
0.101863,
0.131017,
0.098555,
0.083768,
0.102700,
0.099060,
0.108976,
0.113222,
0.098161,
0.097245,
0.108532,
0.109508,
0.105095,
0.115350,
0.106668,
0.103198,
0.094559,
0.116957,
0.123169,
0.099364,
0.115434,
0.114339,
0.101587,
0.118399,
0.098622,
0.110554,
0.108325,
0.098790,
0.123570,
0.105156,
0.087748,
0.106997,
0.115731,
0.102449,
0.091417,
0.114003,
0.108857,
0.119240,
0.120646,
0.105825,
0.095539,
0.108053,
0.108691,
0.097364,
0.091267,
0.121271,
0.109281,
0.111016,
0.092117,
0.112045,
0.113580,
0.123016,
0.105220,
0.115887,
0.102918,
0.097651,
0.117074,
0.096167,
0.117354,
0.107938,
0.107804,
0.106489,
0.099521,
0.103012,
0.101529,
0.120934,
0.086043,
0.088545,
0.114146,
0.124717,
0.098506,
0.094809,
0.120357,
0.109347,
0.112961,
0.105910,
0.106612,
0.106387,
0.099553,
0.086705,
0.108653,
0.110257,
0.096603,
0.118362,
0.102795,
0.115553,
0.132946,
0.087265,
0.087351,
0.111442,
0.107084,
0.108736,
0.111685,
0.102041,
0.100733,
0.086492,
0.122107,
0.109923,
0.102012,
0.110701,
0.096188,
0.101351,
0.107305,
0.101373,
0.100796,
0.108429,
0.096216,
0.095000,
0.098730,
0.092716,
0.107266,
0.101668,
0.096289,
0.090959,
0.109180,
0.110278,
0.089078,
0.097561,
0.112499,
0.091615,
0.104067,
0.086786,
0.092707,
0.110132,
0.083150,
0.096766,
0.101149,
0.075537,
0.108006,
0.094229,
0.099445,
0.129190,
0.119027,
0.104652,
0.091402,
0.107129,
0.100496,
0.106687,
0.081253,
0.101447,
0.103126,
0.089335,
0.106871,
0.093556,
0.103325,
0.109415,
0.108287,
0.101364,
0.094260,
0.094194,
0.115513,
0.099434,
0.096135,
0.100610,
0.097129,
0.085212,
0.107002,
0.098045,
0.100818,
0.080610,
0.115253,
0.088252,
0.085219,
0.085467,
0.086238,
0.101671,
0.098345,
0.098905,
0.101221,
0.109192,
0.089106,
0.093364,
0.100678,
0.102913,
0.092105,
0.106421,
0.097209,
0.093418,
0.092935,
0.104856,
0.084815,
0.099993,
0.088454,
0.091099,
0.089864,
0.096396,
0.083669,
0.098309,
0.078407,
0.091831,
0.101162,
0.077179,
0.091358,
0.094845,
0.078035,
0.079704,
0.095473,
0.081462,
0.092194,
0.084925,
0.095195,
0.092579,
0.088435,
0.096752,
0.076263,
0.078130,
0.077012,
0.066739,
0.080069,
0.077358,
0.068992,
0.070316,
0.095385,
0.076348,
0.076245,
0.062216,
0.068550,
0.080795,
0.073961,
0.096031,
0.077012,
0.078463,
0.092643,
0.086686,
0.071415,
0.078514,
0.064994,
0.079836,
0.067871,
0.077269,
0.073054,
0.086166,
0.078190,
0.075607,
0.067342,
0.094108,
0.075032,
0.077870,
0.090707,
0.058943,
0.077166,
0.082597,
0.082425,
0.062979,
0.077971,
0.089043,
0.069360,
0.069500,
0.060941,
0.082690,
0.071947,
0.080048,
0.064406,
0.083812,
0.073872,
0.084095,
0.069884,
0.058264,
0.064280,
0.081352,
0.084201,
0.079341,
0.083905,
0.064966,
0.073335,
0.065631,
0.063253,
0.075350,
0.060661,
0.079754,
0.085157,
0.061785,
0.071009,
0.064361,
0.064788,
0.067197,
0.057731,
0.069925,
0.059640,
0.058756,
0.073739,
0.062986,
0.062143,
0.054598,
0.068007,
0.064693,
0.063662,
0.073772,
0.036659,
0.062996,
0.054248,
0.063946,
0.059757,
0.074663,
0.056670,
0.044358,
0.068503,
0.065718,
0.067225,
0.066618,
0.054826,
0.050936,
0.072650,
0.050610,
0.057345,
0.058549,
0.061838,
0.057608,
0.067285,
0.058464,
0.068401,
0.061302,
0.054080,
0.050566,
0.059811,
0.047988,
0.049195,
0.053814,
0.046074,
0.050950,
0.054176,
0.058005,
0.042564,
0.053446,
0.034245,
0.055949,
0.051105,
0.053720,
0.051769,
0.053357,
0.043451,
0.038449,
0.034018,
0.056868,
0.036825,
0.051514,
0.060487,
0.045153,
0.046318,
0.050983,
0.047242,
0.047364,
0.067871,
0.066328,
0.045565,
0.048660,
0.047743,
0.061611,
0.034853,
0.032445,
0.055012,
0.049174,
0.042784,
0.016972,
0.048751,
0.028290,
0.046592,
0.044328,
0.045809,
0.048790,
0.049494,
0.045136,
0.034261,
0.051675,
0.023522,
0.031467,
0.026697,
0.057541,
0.025685,
0.036746,
0.053427,
0.048314,
0.033592,
0.016128,
0.047473,
0.025502,
0.029556,
0.049117,
0.025961,
0.041274,
0.028605,
0.054164,
0.021653,
0.014448,
0.036522,
0.050686,
0.035822,
0.037353,
0.034682,
0.041605,
0.033734,
0.045241,
0.024254,
0.020358,
0.025386,
0.046047,
0.034753,
0.017773,
0.038048,
0.034911,
0.037153,
0.030869,
0.042040,
0.035198,
0.024402,
0.036630,
0.024471,
0.024075,
0.034216,
0.022019,
0.028047,
0.020559,
0.019765,
0.039460,
0.024314,
0.021339,
0.035118,
0.016547,
0.020821,
0.032151,
0.026186,
0.038555,
0.028387,
0.036867,
0.023225,
0.027897,
0.034194,
0.010547,
0.015339,
0.022120,
0.036182,
0.035131,
0.020782,
0.018583,
0.027187,
0.043508,
0.015657,
0.008427,
0.045991,
0.001381,
0.029071,
0.018254,
0.013196,
0.032794,
0.022166,
0.018278,
0.012631,
0.013586,
