1073741824,
34600096,
-2070640363,
-816117185,
287242780,
367556929,
-2113340709,
1829525048,
633535830,
623297042,
255033426,
783117561,
2039908914,
843447587,
998716814,
-1063748651,
647985950,
359004840,
1908185956,
531080424,
-925374219,
1408679037,
690889400,
466507822,
-1973135217,
2071993669,
592517378,
1539834806,
-1409030247,
-1924358330,
-1598927116,
-2144990822,
1976957352,
66663840,
-1134812164,
-477687960,
-1180802641,
506286375,
-1208184592,
-1030908652,
2027456175,
-680260424,
104204445,
1945729551,
1819687971,
-702038214,
-533737931,
-1426386338,
1507744828,
-627742672,
1789005798,
-1876951970,
2082546072,
-2088158458,
-2120060187,
1316989433,
214826015,
2031288631,
-251205622,
264736070,
-1427211392,
-826038346,
-1819674938,
-2066641042,
115054660,
-1328128435,
814968484,
2011860677,
-1540227313,
1581363879,
1436765192,
-1257189531,
1572679521,
-1981101381,
27798916,
678758438,
-1912127643,
743408408,
122089897,
-667044463,
-2051071006,
-1312623087,
-1347290811,
1131045294,
-1605758775,
-1849070659,
-1343439420,
1551510444,
-2068336284,
-1024844385,
-1677929166,
-2062087605,
1359388475,
-1679855543,
1588337936,
70984891,
-1325661314,
-748499169,
1987383173,
93936349,
-1403508373,
-1402377999,
721901482,
-116752396,
240469843,
-1321560260,
2109019169,
861615775,
-1015653057,
431707592,
-1967133923,
1207040230,
637012846,
-2085146455,
1001669610,
-1960684500,
1755831336,
-778330058,
706826612,
1403623909,
-1376798021,
1209462515,
1745838718,
-1711775871,
730370035,
198065192,
990636402,
-1469531749,
18322292,
2043675462,
-1249228004,
2130625550,
-515604390,
485860195,
1767607480,
62051631,
-1955551643,
-286619473,
1613815503,
2032468706,
-2032229220,
637795599,
-1562398931,
971079783,
-1527837625,
-128623979,
-1249749022,
1986450040,
1700681059,
1874611905,
-1768460412,
1529251217,
1643041537,
-938110726,
1026820711,
-994218948,
1273176350,
-1681669246,
-165668286,
-2112930559,
-838750037,
-41116639,
1683921176,
-206508241,
822865273,
1449690817,
-1012076569,
1589615676,
-1389789905,
-1598770861,
1700549753,
829803404,
140803231,
-267883906,
-314430560,
972818777,
61380231,
-343020812,
-171585739,
-1961767732,
2120658362,
-416589197,
753610978,
-856868,
670545436,
-1517476983,
-307436416,
772203199,
-754143168,
653747993,
-1398194861,
929221062,
2012226925,
-1108602068,
-485379208,
-1423180651,
1064370905,
105641275,
-682685451,
1323379254,
893702680,
1235191884,
-1618697826,
-1724433318,
-2050773460,
324420220,
-2127096769,
652228696,
900308833,
11566666,
279025587,
1359966552,
539381631,
-239643912,
-235253880,
-1962470759,
1385261970,
-371922737,
1055344921,
2145214574,
956534483,
220381138,
-364785481,
667207668,
-310150242,
-1226829286,
1259901920,
803420990,
-1967097146,
-79109357,
-1009802200,
1322688551,
1901071487,
277302806,
-636439722,
1644507113,
-2055803053,
1679504658,
-333165649,
-2085875588,
-1372646600,
1096942594,
-2143589619,
2072100950,
-1022197054,
1231041390,
-78615958,
85513971,
567674963,
-932303342,
-473627224,
1809730992,
-545113657,
-221403101,
-1436480866,
-135705268,
-1702761585,
1056843363,
1981390527,
-1038641382,
-1473336369,
-461349985,
1818125323,
1590840841,
-631353312,
443606573,
1206105045,
-548242568,
1538935032,
771970812,
-370896185,
597784526,
1838889679,
-598749510,
734078040,
216100871,
23278468,
-2018490547,
764054555,
43266428,
1968183778,
783048469,
-1822721607,
-482328627,
-1292162081,
-1816812311,
1105110358,
537690088,
1525773307,
301430320,
397673777,
1340683780,
-1037462937,
-964619244,
-1806552257,
12219861,
1866888578,
-1235947546,
-306719672,
-1486057711,
-306461641,
-255346385,
-65617646,
-731038286,
920082914,
49639571,
-1135255815,
2069436250,
886225878,
1900954733,
478128245,
771500595,
-587606414,
-1678563092,
1350966389,
-1823125531,
-2130998568,
-1594738943,
778611632,
-694618615,
1168941475,
1524825481,
877863932,
-95669319,
1460815914,
469161050,
2080117284,
-167985412,
-977734343,
-1708130396,
-519588258,
1511062122,
1814003494,
411696562,
-950366649,
184117083,
-995947608,
1028746008,
985286961,
1733531312,
-916529784,
-1347091779,
-1961692147,
-2110999123,
-2054975117,
-427205626,
-397037557,
-1526435458,
-1159521482,
2100606620,
2098096173,
1706362121,
1882269966,
1125415158,
-305113846,
261155704,
-358967400,
-698393788,
1698912162,
1777992122,
376551989,
-1500050020,
1759814395,
-1394583100,
-1868110220,
-115906209,
2024685061,
635332812,
1210111491,
83914228,
789342999,
1193953005,
562636186,
-1231695898,
-1749250721,
1131425628,
-1633649269,
1186812965,
-2123729523,
106216142,
679536281,
-735143138,
-1355190629,
862174528,
2064801036,
1138599052,
1361270770,
-1427621102,
806841033,
1212201846,
845302776,
1727642037,
708879283,
-2072981572,
2120269020,
1023573792,
257993439,
505202418,
1489064292,
-466042435,
-1306971211,
-1732797077,
1169921671,
1701704198,
390091531,
1819517132,
805185844,
-902923090,
-1578844452,
-1534109117,
-276580684,
562587543,
-1527670104,
-1363608862,
-400393165,
1269539747,
2031365292,
1354070469,
-1403269445,
350972775,
-822879613,
-1940162426,
45320528,
644228533,
-450415379,
1372811955,
940389394,
-1975938557,
-1768504767,
-1787466915,
-1925844132,
2146538414,
-30317391,
1154089502,
-1259503682,
-1968018323,
201039176,
-1185474363,
616323757,
267822432,
-657625299,
-1697146296,
112731023,
1117476138,
-1852406476,
595548465,
-243061710,
-696078016,
708322068,
1246312115,
538037661,
728958494,
28461811,
-407022885,
1850694521,
1003905577,
-1225355042,
943475954,
1458380287,
-2125692903,
1968715325,
1345418085,
1312988630,
-1887983175,
682036728,
-473907087,
2066529408,
670965440,
1411794365,
-226014134,
-1689414685,
-1279344805,
358889725,
1445597510,
-1695288126,
520763261,
1923690102,
953020955,
1114965011,
1990811734,
1455736824,
1868421644,
810511559,
1914574073,
351969668,
1694137592,
-1961505508,
-881714417,
-287127005,
-1671929519,
-1844137770,
1289723719,
-218423818,
1720990016,
825757839,
2103381847,
-30506737,
1375578221,
-685370728,
-866428718,
-1075582285,
-1486019584,
-2101337265,
-629927791,
-2041123806,
37446363,
1395987216,
-1827456233,
1929309419,
-770449203,
-750962127,
250606489,
1087792691,
1971891105,
-1178601571,
148723729,
1381954838,
319166142,
821796095,
144978252,
1189061546,
-401468461,
-1388424150,
-2147136136,
-1366672321,
1302362575,
598461563,
-331235898,
1588857164,
-1878372284,
236765409,
1391174553,
837695970,
955141518,
427793486,
-959467659,
1711676138,
1821006553,
-255439187,
545277155,
939869131,
776127916,
-1926003643,
1531857472,
-63648776,
1996162255,
784133404,
-227720224,
-892686016,
400766824,
384640904,
-943498705,
626960481,
-546111768,
162846204,
442871718,
-2042448046,
-132882224,
198688528,
-1430590212,
971523869,
-436111591,
-185017932,
1460625544,
-1684212964,
86293305,
887908007,
-1617283049,
-1277788187,
632671526,
-15675278,
-131649791,
731466327,
-1209852432,
1868448341,
1334667373,
-279266970,
1339147522,
701182021,
-1429288954,
1365216838,
167327518,
370816589,
-2112759056,
1101097337,
1132464281,
250263741,
-1169132234,
178323308,
-432539355,
1438001564,
190075449,
196569133,
159871701,
-767573685,
1266378737,
-1808837527,
-1936942230,
1370511385,
2044602015,
-684732804,
-932363756,
1840895405,
919767812,
1493057827,
-607917674,
-863067864,
-2062463643,
-277991862,
-1842491665,
-1943619794,
-1624707523,
1007018808,
-1855275522,
-1393969582,
-1183852448,
-773532194,
1750537681,
1136582757,
1249500400,
1577058849,
1348526672,
1118586275,
-55977907,
-211812224,
-1931438516,
1926941906,
-460445685,
-915940100,
-1841783122,
633655108,
466688587,
-1068827356,
793535835,
-21656355,
-1732639115,
-962075473,
-517840503,
-123722389,
2089524301,
-2095232434,
-1326286546,
1143353526,
-1828862840,
-1299684895,
-1939778929,
1358546330,
-1559196022,
-725965985,
-1118659405,
-1355601960,
897104755,
-187075559,
1188414510,
-1633734024,
-2017405066,
-95876299,
-841082473,
1012812393,
1807634021,
63545615,
-1234255080,
1273748177,
947681226,
1031281556,
-1755190497,
-97403320,
1694744308,
2133350705,
805306421,
-1575073052,
826844232,
-1963353699,
342066444,
-1220665111,
332009911,
-1947508617,
1729709293,
1697461963,
-1988413128,
1591570415,
723749975,
-388301278,
1206796025,
-1224521636,
-1900255171,
-1689761859,
679836980,
1306311348,
-1589637932,
-1598730771,
1644674780,
1034369632,
-768981376,
-523366221,
1563860933,
-90874499,
-148106764,
1472714198,
-966370166,
-1449704559,
1164594796,
-1566141027,
2062471373,
1051558182,
-1103272788,
-2012359377,
-18968636,
1410812922,
-538802894,
496982354,
-1631568255,
-431853717,
1789337867,
-1764409127,
-255007056,
-798283002,
828089533,
-316696730,
-1291174409,
230922299,
-1263549379,
657739913,
-992280170,
242822541,
-6062452,
-558766530,
1489705478,
-317976452,
665368123,
-1369572528,
1424572635,
-1428832624,
-496241662,
-1122717694,
-160198056,
-1915992162,
-591658935,
1418629575,
1895503141,
-1825622470,
-2109416098,
1883135771,
-703749287,
-843139307,
-415141535,
257787159,
-378297953,
-293307114,
826267415,
-1763776283,
-443398675,
-335357362,
-929141291,
-311707252,
-1211546825,
-420848807,
-524647524,
1442048565,
483398333,
-244820232,
1086630294,
-551986450,
1667054082,
-1540264976,
-1554849787,
25558696,
161613908,
1223003142,
-1676401362,
-1469503865,
1565746055,
976500467,
-374947332,
-1881113261,
-465000386,
-1078565265,
2056451965,
-398490738,
127092555,
-1142809048,
217460985,
-830117777,
-540781186,
-263005733,
-854191162,
847130811,
1490639392,
-1478107922,
1708454018,
-459843181,
1209430634,
466816036,
520736317,
1436740366,
727806349,
381483349,
1759966533,
1806969684,
-1748242106,
809151503,
-15738438,
-550116754,
-2082913769,
623235826,
978507494,
434705786,
-128602659,
1328067000,
-1169775618,
-1029212781,
1140039838,
-874322550,
-27172613,
-60159076,
2025645661,
665454312,
1184126815,
-1249945038,
1913669595,
232491192,
1794142535,
-1015440013,
-1059175396,
1272083065,
1859808748,
-1314693845,
540292340,
1682373890,
1471569062,
-208528812,
977941655,
-1164094536,
-1872848230,
1875536754,
1550418669,
1248411502,
-1032079436,
-969338139,
2096264312,
1076319000,
743476306,
-459092505,
-1779181928,
-1686605753,
938659183,
-355498628,
-1095776879,
1790649950,
1440024307,
-1652928541,
1938832112,
-1373572117,
-1949046476,
-869326347,
-2099103071,
-6777621,
1808215261,
1728989381,
-1124364950,
81100936,
999791401,
1943692999,
1622250575,
833626034,
1126844253,
1704530268,
341179800,
1466022708,
-1700494452,
-437834529,
1558743026,
1318214223,
1503393494,
1157394401,
1601833015,
-1021783590,
-1274309977,
838530736,
719217216,
-1695464997,
-1358186961,
1986632276,
1274869387,
1806519339,
-672208488,
-1242171819,
1250478971,
-1202767911,
-828595073,
-1683921689,
-647118329,
-1134652680,
-1994775652,
1303030863,
150061880,
1505133109,
1579196784,
-480208637,
-395085358,
2028117044,
-482586447,
-502796231,
877577433,
2131224852,
-1740530978,
-488931155,
753494919,
-1911684174,
1661891818,
1013445047,
1454962088,
79561301,
-408698864,
25408231,
1078510705,
237172963,
1798059579,
-696226195,
-372672780,
535737588,
1759942678,
1201911663,
888617045,
112388855,
-56172205,
2040541721,
-874246749,
-1182488892,
1173646614,
270408138,
1407343882,
1739477404,
-117735222,
1180249335,
-424920696,
561632040,
1791631802,
-1658355590,
96976927,
-189361702,
-1683471155,
297661865,
-2000485692,
1439013905,
-38391443,
1608030683,
1903260104,
1951868301,
-1722731719,
-1531964182,
-1308089716,
969994755,
-401518981,
1365326099,
1765826595,
236646382,
-1331463908,
341001485,
1633988833,
-146715344,
-607256865,
-1816364553,
1299731379,
-1519354754,
1299048193,
445388761,
-2046218689,
-1913574567,
-220417983,
771556616,
171321361,
-181799910,
927966235,
-400154233,
-862969261,
260751455,
-865362787,
-1431085434,
1853540717,
896368325,
-500937671,
928870966,
812101168,
-2017436123,
-939544737,
-2143438645,
-1890178720,
-948270447,
1018721377,
739287718,
906680138,
-127949838,
-1298920355,
1338731217,
-1213560314,
-637186481,
2014929034,
-1571709794,
-178029551,
669442235,
-1856193294,
-982985453,
-345502615,
442153555,
-1050875484,
1801784167,
-1783161008,
1211148505,
818525486,
999429461,
490624074,
-2100021952,
79429876,
1050921627,
-1675591522,
-585916237,
-1776029339,
1287772568,
-370888262,
-882571436,
1819923514,
-1226831178,
-48009190,
2095141147,
1758577308,
535372287,
-1697609518,
-556247549,
-450924943,
-461100502,
1013252637,
-700255505,
-149596018,
-1548977377,
711014518,
1488320602,
1498944903,
987830799,
1194581806,
-1741971825,
-1283646725,
252927894,
-328720304,
185172784,
-1550911977,
1740711496,
-8563702,
-792265088,
2006000856,
-687870749,
924598534,
1569405732,
835136474,
-1890896144,
1893834908,
-92165964,
-81587558,
-433043276,
-771000924,
-2065332313,
965747557,
553305677,
-1976880623,
1045077990,
1667658047,
596296239,
1735736627,
-776134799,
-1565516822,
1126686026,
611297811,
1000184135,
1113220636,
1662412320,
-49921152,
-1735048966,
-159101078,
39862306,
523707513,
1719791743,
1431185083,
-189500108,
-665676951,
683421600,
-45573932,
649009304,
-2105985421,
-1537108313,
1691178239,
-2021019037,
1188546779,
-1950948102,
-296147725,
-2046635452,
-717487503,
772732493,
-780473719,
1714746784,
-1759490135,
-228963910,
-157135673,
-592082541,
526708963,
1453650299,
-1599887756,
938496284,
-1861212441,
-1095337361,
-334920265,
-2069803343,
-73191712,
1192862362,
1881380356,
-1048353472,
1868081589,
757687411,
1860342315,
-1158922399,
-1513768491,
-1670430317,
-1119464749,
-1568657464,
975244471,
-1290860755,
493763484,
141583401,
319374380,
-1201314076,
-1413727727,
-1629713652,
196025359,
1944427336,
-182914835,
515837341,
-2078924357,
-457341306,
1250729150,
-1706836893,
218667005,
-771803792,
-1632263020,
706978550,
1800394680,
1121119080,
-867396503,
485072525,
-2041030362,
1857975384,
-1985400595,
-434138014,
-662457954,
973639487,
2145365087,
1868196776,
-85569071,
738280091,
2094496085,
-128840905,
362980237,
-125309113,
-725509329,
95724241,
-369296503,
338000586,
-486384306,
1838981146,
1945246363,
-681019157,
819975178,
-1163241775,
-1636671837,
45017091,
161330290,
-153039302,
11951220,
835916486,
-524142112,
-678081882,
-208024769,
153514626,
2129177644,
371610161,
-1406907863,
330193621,
934979983,
81077324,
-306963976,
153989092,
-154002582,
-771874018,
-1954570627,
720147637,
105632750,
-221563005,
-1874652627,
-2121055812,
147540180,
-695847707,
-30986419,
-154856228,
-764482362,
978201791,
-260847706,
-64964707,
1812609369,
447444633,
1534143239,
873231012,
-1871951012,
-2007821036,
-1744084849,
-1344617453,
-1489900083,
26156797,
-1805164719,
375161224,
-1470345077,
1750751389,
1216794191,
-260772941,
330992639,
-1218560742,
255253549,
-1542879555,
-1398513544,
1341666506,
-1005358711,
-212062735,
587641057,
1698297115,
-1886718524,
-370435917,
1278762988,
-1244711517,
-2062673852,
-827997846,
1342289834,
1742461604,
1589940864,
-2028802977,
85173750,
-53756755,
-1558860936,
187701965,
-717176392,
1169194025,
1211324564,
-2029321759,
-1334219207,
-1192899359,
-89334455,
-688022424,
-374285112,
-401567201,
1394121472,
-122186601,
-1635792268,
-88142453,
-1184557902,
-733356483,
-491703112,
1988197177,
-1628024388,
-273002750,
1816914443,
1383162714,
-1591532489,
-247544773,
1811326621,
-1091984656,
363790161,
913781128,
-1693697044,
1159346272,
743386502,
221968699,
-848131580,
-1466170571,
1986701550,
-807206862,
1448864148,
-702015733,
851946079,
-324989005,
-2085095401,
-1812638458,
-143180622,
-147726542,
-798820981,
-1716213779,
944339590,
191796441,
2098180405,
-1580686781,
-1711877324,
-751727615,
-2017213176,
79711231,
15118068,
1126027094,
-816376556,
-1975324763,
1224928154,
199599063,
838012993,
-1050103263,
-1569445939,
478633636,
-1241375863,
254522338,
994427032,
1285392143,
1842634052,
1300362081,
-1112177670,
390185336,
1472428055,
-752372429,
-555151122,
592213586,
-293149516,
2006297045,
-494051937,
-835720438,
614821701,
-1300357085,
-564737517,
1013289641,
-887449709,
-1372361297,
697716405,
357191351,
509397812,
1112561741,
1870906031,
226526375,
1805435709,
534501785,
1923939169,
1254320246,
1567773220,
-1383798537,
1632894156,
1569318482,
361813537,
2062579405,
-1361768795,
-1853621342,
-624737361,
-747970848,
-710603299,
1267806811,
932801527,
2136388353,
1591394202,
1716770030,
1391894240,
122195692,
-1944712878,
1861222644,
-1058537168,
792423707,
-509762895,
817471455,
-1594476669,
1379562069,
-770907213,
-1830200269,
1634458224,
2145149522,
-1828261979,
1811009599,
-420839789,
68192992,
-1692142337,
1557798486,
-4759643,
-1990887243,
66318467,
-273197698,
-850780279,
1081435546,
-1601568013,
-1212390161,
-1719416796,
-780971059,
-1287897197,
478274799,
-1941984883,
-149022540,
1873973452,
-1854830223,
154214495,
1957292545,
1848495276,
-2085936808,
454524376,
-1705230675,
-191535545,
493500641,
396567210,
-2058036883,
-151584091,
1085174986,
-558759687,
1998299463,
-1798340624,
-32540826,
-1248571884,
-292604247,
-1162772200,
-564491989,
1520758188,
20100408,
1404986706,
-1645272179,
-1505309143,
-874951452,
-2066524266,
-1563668231,
2005337690,
1351615647,
1370750140,
1377042775,
1582484136,
-1073128232,
190587936,
-1092854970,
-861050268,
413127673,
-1442843103,
321893427,
-303606543,
-1684635730,
-1671347027,
-1246449460,
-735690647,
2111716328,
-829920193,
-1949889461,
1373213369,
2046024868,
-113643338,
818860127,
934007742,
682288736,
1478766005,
1661302062,
-1523083625,
-1001306954,
-728301935,
418248877,
-2054119188,
-1980106791,
1256710087,
-111509520,
-297812582,
-1276536628,
-1172832219,
-2045046802,
-86832543,
-980235120,
1282373868,
-307631344,
1708223211,
100448398,
1914952217,
-2143731548,
-1170521730,
1452650837,
1990888720,
-2061966530,
-644091498,
-1852270824,
-1582454137,
-344156698,
-499174897,
-1872924299,
1009437028,
1711619078,
-184171426,
413465906,
508308328,
-1859735664,
-1762456864,
-153679206,
183558968,
833905179,
1924254232,
2142342902,
1133124843,
-1089476533,
992340508,
1540194363,
1025947882,
1180255781,
1113013691,
1945149378,
-374067740,
207323466,
1541042400,
-399784254,
-572123061,
840933958,
1802115726,
-744644005,
-1592907649,
-1588400222,
840914956,
-1356762986,
-1310528408,
-1970745521,
1933270136,
565640032,
-1122459730,
-1427002803,
-1461230150,
816214681,
-1125134693,
1507297217,
-1737597481,
17595695,
197318582,
1710697008,
-1635238141,
765896767,
44454967,
1241752874,
1333315483,
-181036690,
-697469044,
1715136927,
-1943704307,
672924003,
373894958,
295838192,
1248177257,
111335866,
1236622567,
-1039420237,
-1701943345,
1702732583,
572812209,
-1938595678,
-1464481474,
852285396,
-958835310,
362932017,
200005722,
-1834194734,
-192907612,
1611100577,
16700758,
768725088,
-1959334366,
-243111977,
1916856371,
-2060583817,
848996646,
1153520143,
1186137802,
-747433509,
902084730,
191119356,
905257078,
-1031243176,
812645036,
-2138648870,
1486163226,
272576862,
-1223426068,
608513036,
-1604986228,
132931481,
2070412212,
-1694195538,
-216450107,
-1991516121,
1171897091,
-1753341279,
-1216419337,
-528905673,
478474421,
-780582120,
437730195,
-299374826,
130711789,
1706998301,
-1016793999,
-262586165,
1269679584,
-2032483559,
863327156,
685394531,
2146636198,
927395742,
-1737738478,
-282011864,
1925459891,
1492424622,
-30832426,
1174158028,
-1353914566,
-438004948,
394740523,
404637425,
938756711,
2083416700,
1009614427,
-1887635140,
-1203521436,
-953090396,
1776798997,
-225155783,
1067841226,
-1308789390,
-1751047903,
-404626436,
776082744,
-1022134328,
-1762181882,
2095482592,
-224149953,
-1807104006,
141501278,
-880534824,
-1919552559,
-1452467171,
1667059179,
-189499375,
-966621715,
1847581755,
-11072356,
1684657178,
347401366,
-1852872961,
1719262147,
91167457,
-1998019742,
1355398623,
-278871464,
308027501,
1315622765,
1918923997,
215528306,
-925654137,
-1426508135,
-11849114,
-729113681,
-1898105732,
-676579030,
-1251064621,
-1907332427,
-1977700161,
1047923104,
1195376881,
-692354173,
-79579155,
1278711023,
-2070191078,
1583619342,
624647838,
1785102664,
931560063,
908940745,
2126166751,
-1922843098,
-1936910733,
913138359,
-751001283,
1158630929,
-234358840,
-1132654946,
1024289825,
903826981,
1739355587,
-1977621094,
-2041001185,
-1341358796,
-1891663186,
1408877412,
1975565042,
-1129187525,
-1578587666,
-1742829712,
1119086370,
1984466549,
-37882996,
-504733570,
2134179829,
1554626674,
611633339,
-1406763062,
-512247521,
-654709403,
727674091,
-1629274777,
47733050,
-987902771,
620965604,
869398946,
-606844374,
-440046087,
-1917923464,
973425258,
1975396662,
-1415117061,
-1225562913,
785642057,
-1820158330,
-1516773895,
1817259315,
1832040447,
-235683168,
174905991,
-923872948,
891551494,
-939699673,
-2074168468,
1783224165,
-932368259,
-1796348629,
578418810,
-791274164,
563661353,
944217357,
1742206221,
-1647947665,
-491889585,
1563769515,
526737340,
1299471364,
524345254,
405020326,
1415756735,
-1481698888,
-409928364,
-53044377,
-2075548684,
1180234282,
412935096,
-1170432757,
-874107676,
-919805579,
186492596,
-880894482,
532148881,
-837749389,
-543124153,
-5552028,
805909725,
-1880357099,
713841019,
-90256595,
656425335,
38656910,
-2075933095,
-98204907,
-1049311776,
-1481055727,
484784575,
1926375170,
-102390534,
465780434,
-325322452,
162214360,
-353550798,
-919294959,
-1749323567,
-1153122185,
950945022,
1307432711,
1242245530,
-1692018271,
1846795440,
-328191107,
-967137248,
1975214881,
534397989,
-1752763434,
-1206526662,
-1397554527,
-1245255359,
827104737,
2053761143,
1975771377,
1965125448,
-1060978900,
1720801073,
-1336441084,
-900346500,
-1487832963,
1185009837,
-1038043326,
-1201968223,
-897172030,
-2008522207,
653273473,
-1285498770,
-1570921319,
1706449246,
1504079411,
-1363666022,
-1701086443,
1436331771,
-1287994041,
-885810562,
-102002698,
2118749326,
1381496483,
251701086,
-804918281,
391964644,
1209903696,
213747983,
-463806961,
1369146712,
-633085798,
-724185397,
-913001785,
-1295788323,
-1945896890,
812980228,
-1786766758,
-1206029681,
-1261932586,
264491735,
2109607136,
-1148386511,
2121623408,
-535408004,
1284753794,
-1351854511,
144283288,
1496150031,
-1781158347,
816491944,
-180779433,
-596052512,
935745641,
-1957617493,
1159986586,
95889963,
-1045727990,
-1071513445,
-1642507198,
1895500390,
319767516,
2115810646,
-1816962792,
-1777727845,
-1988845270,
538114008,
1642204636,
-1542354808,
123900423,
123273071,
-1454358431,
-40313828,
2139382429,
1590972594,
232659890,
-229552962,
-1553274301,
1703420381,
-1131605599,
1610561293,
2039769106,
1962732693,
-571494534,
744009285,
1958743485,
1468752092,
1419484466,
-530369309,
186632490,
422351468,
1093383934,
1541257911,
-1731423766,
697944085,
1570981953,
1792197793,
-635202857,
-1468273795,
-381976899,
1144299962,
-1122684442,
-1981942852,
1678737498,
-70940687,
-558469314,
-80456275,
1065706798,
-1354995444,
-1949891858,
1685277686,
-358457588,
2025120194,
10840125,
-349101360,
1063420833,
-86058737,
1664502010,
-238079515,
-655413909,
-546944716,
-30618111,
1480569668,
-57981423,
-1062052888,
-48678094,
806516213,
792198918,
-20683468,
-700014562,
-356414359,
1402663936,
1330489604,
-1664336385,
889581265,
490361757,
-814387853,
764935421,
-1703195707,
-754678344,
78175681,
-1379602722,
353681900,
1999919357,
2053440665,
139804173,
-1370981199,
-1338214379,
-72890183,
-1247560612,
1547400649,
1772491733,
1771643398,
-1674404321,
-1893273474,
-1766417587,
441196573,
1118525075,
-1399057862,
1614553780,
-2075955629,
1722338191,
1923345911,
463209457,
-1401742579,
1008246028,
-1442943840,
157767416,
1451679577,
-1844057418,
2035224126,
-1737555853,
-386805252,
940890783,
-1763488155,
1705138782,
-716558924,
-1882562246,
-1738201629,
-3722027,
-774801501,
1893619456,
-708498316,
-164216298,
816647299,
1962035599,
-420775039,
1463186267,
131789106,
58689225,
92315412,
-1707766101,
319928370,
1471492955,
-70225519,
-811249475,
-996669218,
1097352563,
720205522,
995118754,
-1834376063,
-1604847287,
323036285,
-1468140388,
2135876740,
644148605,
1356199965,
-444790379,
-1905682879,
-1375600901,
-1204036849,
-1438980138,
52749592,
1960277338,
-1177989399,
1395906808,
1873527951,
-374362819,
-1963945820,
-96351707,
89583193,
-334107652,
1425055157,
2180299,
-48643435,
1970924117,
715934913,
-409517503,
35671948,
-1282263656,
-1482531243,
1064306106,
-1772741797,
1466803466,
1169024096,
1924769996,
102536339,
-788524998,
-1307696065,
-1854533784,
1950428655,
-1924925457,
-1063605860,
-1828326704,
731299419,
739002180,
1974902963,
705796346,
569877558,
-1350874395,
261898522,
-337382556,
1257074868,
920501574,
1226349770,
1837795936,
520820389,
951344117,
-1471016961,
-1260687241,
-1777379523,
1578140534,
-1020118155,
-2034293799,
1344734239,
-1756274582,
-491021645,
-871584310,
603573575,
1845308072,
1172363126,
775761888,
-957974169,
-274224379,
-1349086228,
-932166973,
1161560545,
-669955084,
1739761190,
2125657764,
-764877151,
567596318,
1844206305,
-668260742,
1133122273,
743536425,
-189710182,
-1864612195,
669880612,
-911048468,
1902657511,
1170387695,
1335810981,
153244572,
-1699866165,
-400403104,
-1826877906,
1527442554,
-1267097971,
-1293930601,
247424310,
100041267,
1502394386,
-2005837340,
-1783727589,
1398801593,
-815010356,
980311186,
2122092815,
1879381128,
-1182404112,
1598980737,
-1330839704,
615461284,
-1203487475,
-381565992,
1026800168,
-1820952433,
1885363689,
14967692,
1250028941,
1433592327,
514699836,
-998317626,
460521379,
-1261471848,
426366101,
-534325346,
1847544021,
-1690933037,
1736613908,
-735058276,
-827979420,
438047001,
742739110,
-442461439,
172947543,
2027083053,
-207621301,
-1652844655,
737333709,
-153626199,
490094387,
1404478717,
1367657815,
1102014752,
-2146279535,
1192008508,
1839435563,
846585503,
1910110963,
-2089849857,
-1509808632,
-512256099,
-2042658582,
437457263,
885493208,
-559723994,
-1841825627,
-1532023508,
685648084,
-1554532316,
358544009,
-1781146549,
1630951015,
746600331,
944956474,
-30191172,
2034966567,
-1578737538,
24909380,
-1020073780,
380782949,
-802928351,
-1797407579,
560782180,
-221856620,
2144520768,
325416308,
1399330701,
1133537485,
-1229746438,
-158523822,
1362279435,
1314357505,
-1392424549,
-1624840441,
-1654132934,
1165787396,
-1704025346,
-906360037,
-1078436271,
-712323909,
354443558,
1856738846,
1098101923,
-1863041050,
-249371885,
2077776563,
1140449,
157239189,
1118963606,
1046537083,
1392144918,
1324999969,
-1164103185,
1462750368,
212843,
-88850037,
-1497218846,
-1822808851,
-392031436,
-1053569917,
-1862482386,
864611577,
-1238134205,
-818697272,
-1082373511,
1737815841,
-1624736359,
-1746275460,
-934944574,
948823061,
-1706729594,
-582333271,
1457120463,
-1671371353,
1012774228,
-2042912862,
-915962061,
-641956066,
2043254027,
-530011138,
469387062,
291593052,
1135700282,
-1212633956,
-804405566,
94727470,
-1465079237,
-2038455365,
-189133686,
-413845645,
-895694683,
33021189,
-2065128741,
-126408243,
651238016,
-1931329231,
1911824862,
-1051123346,
-1005436268,
-803440542,
-1409331218,
-537756448,
154774915,
1603637309,
969459198,
1543310976,
525325078,
-1648361010,
-1849061903,
1761494416,
-1851692077,
-1225328076,
-1160252782,
-1985621334,
-1997467029,
-238077610,
853644613,
-2088232488,
-770681815,
1106756070,
-2049566128,
460991545,
1737655649,
2078226544,
1240180742,
956301542,
275787826,
-1672729212,
-1536557989,
636637594,
-500056827,
1117389603,
1842967112,
677486585,
-1745528365,
-2095515575,
-1839558731,
1995881908,
-968862269,
-1059392404,
-1061835004,
605044918,
1735622376,
1996358632,
1378321058,
-286590304,
968548104,
316973690,
-136762260,
-2106585920,
-504022047,
-243222650,
-1706761426,
237928970,
-2101825320,
149964474,
-2040558110,
1440813227,
1994615283,
-304510279,
-1694563440,
357446428,
1656691687,
1902082104,
-1566857159,
947279259,
-2056362777,
1607038352,
225392160,
-272880694,
-946332881,
-325681948,
-1574908996,
310099719,
1778565657,
-1888153549,
-217955845,
-995183660,
1088383299,
2047681806,
-816282203,
405334357,
-1617050389,
-1995444870,
-1874622457,
-1734469102,
467051753,
-371264116,
-185186095,
-1877057947,
570114675,
-1302609165,
-643016823,
-1330329248,
-1757982004,
628921847,
-890571699,
-1431027929,
-1028010164,
-1124178004,
555217999,
1657412420,
1893930875,
-967491628,
606378012,
1681386487,
1157527354,
-1142496969,
-199731124,
825446190,
1524352579,
-642882449,
-1048228229,
1908824349,
-2139532108,
-1372120385,
-2140748037,
-8554560,
1154176112,
729848710,
-1421668560,
-796388895,
-1252671015,
27944565,
1580537778,
-1125530687,
-1773789405,
214956943,
-1477994685,
-469270478,
-1020931822,
998530387,
-2071682519,
1149842939,
1281708263,
1418426936,
1524290880,
1297282259,
-587098951,
1375693473,
1194873602,
1698255930,
-921337700,
-1050816024,
-145247340,
-1470668950,
207551970,
-1601563916,
-352706157,
1329247963,
1594396887,
236450672,
-2043885305,
-1290252434,
-364963516,
1104915992,
171852581,
-989012059,
540535058,
1175709058,
2106226906,
2028007409,
-1515752820,
1987222270,
1547995427,
2077473783,
664672988,
-114649173,
-1706979074,
-641029717,
-1175198688,
2026765374,
222316854,
-787271599,
-2014018126,
1698191107,
-1841211905,
2120990790,
-985109201,
786445295,
642296040,
-1921769511,
1469808045,
2058376299,
1314070595,
375458598,
-1681869452,
-819320736,
1941494547,
-150510047,
1161996294,
1916871631,
-2114748531,
-1673769501,
-1609604321,
-525231079,
1207244344,
-1998274996,
-1577915376,
413971953,
-1388287197,
-642299509,
-614888115,
1571653662,
-1927079274,
-70095433,
31740551,
-593095848,
-2007549154,
1187391463,
-169539747,
1123474781,
-1442212204,
1867898649,
-107498401,
-1659881278,
1324610553,
166089978,
-1166293705,
1154484911,
-1100183486,
-205877126,
996687125,
-620168312,
555227654,
220072931,
358418919,
978974354,
135471869,
385533959,
1963855821,
-520474419,
467563929,
-1191263723,
-410956212,
-2050968738,
1613412042,
2002187176,
-1340489362,
288524086,
-1623617727,
-1387275757,
1102394825,
-2009372543,
967305636,
-745398614,
-1822373863,
-1865636504,
-194886660,
247958311,
-1858027135,
-1748714583,
-1378453656,
6523659,
630646462,
-824202974,
-873550805,
2050601645,
-2131130056,
1240168379,
-1860854382,
1698589498,
417430863,
889171810,
1048074201,
-2130157732,
-1726855883,
-53755392,
1119066842,
-395116325,
-1866922775,
-2070050107,
-278079682,
-1464914155,
885162029,
-78707757,
1380558002,
1913137432,
1585540116,
2079048658,
-1497145540,
1851853561,
887454748,
-138892446,
-1258774415,
1774282104,
1725930858,
1811003690,
-1433227693,
1099059427,
-1106028929,
868204734,
895901071,
-813549650,
-1400021382,
-662957124,
734882443,
1020497414,
-2007490016,
-1659881162,
1593277669,
974927498,
640999984,
-1158354656,
598852033,
1685326460,
-1741936495,
777904538,
1765315606,
1743555310,
-1927745272,
986076827,
1258565649,
-159015023,
1082468434,
-2028055206,
-1856882197,
1183053689,
-1183717491,
2139605885,
1511590086,
-956310163,
881913572,
-1543991659,
665392898,
-1754444787,
-1024050250,
-597644420,
872088264,
-1382165428,
1473289839,
-1820414362,
488484426,
853810366,
773317952,
-1105172251,
418973448,
1509069444,
530518672,
1123354850,
-1979692820,
1562459379,
999887111,
-2010806400,
-746691246,
285252773,
-1843402034,
1044647635,
-1773582178,
272142045,
-1312944530,
1914321440,
-1648112773,
538904134,
1081834835,
-969639738,
1447068192,
-353844977,
1181799343,
-1972711239,
-1921173517,
1114343640,
1548845160,
-433171936,
1986616016,
-1216113325,
-440045663,
-1596467174,
-587152064,
133731863,
1326179209,
2102811802,
1061357306,
-2076453596,
755584591,
1641796332,
-1171017079,
1446468603,
-496661052,
-612160577,
1340071340,
233608880,
-1996215262,
1752259218,
1794207071,
-1080561494,
491951077,
45269353,
1738288182,
-1741022434,
-285422894,
-1185478727,
-122605137,
-413166908,
-539635876,
1859803894,
-592787728,
-786898304,
2105322760,
197460602,
1869801306,
1902112275,
1751746826,
-825113647,
-944843635,
1748642734,
-38701737,
-683914883,
-1939903342,
-1246669070,
-741691815,
-1866286312,
-2011514852,
460496921,
1299090736,
1597772701,
1535655883,
502609125,
-1678617062,
1247291822,
-1095515658,
1691412695,
2024645715,
1926086244,
-2082512741,
-930392522,
-531709957,
955488035,
1321358023,
-1901310310,
-2029238640,
1170005185,
1925709417,
-546835518,
-2066813804,
-1805136046,
1873818233,
1347815126,
-2016540209,
1501586530,
857582127,
-599668098,
-2107265254,
-487901362,
1692234069,
-1552415316,
-1203226234,
-654108183,
-1685884385,
-10368160,
1961817963,
1810967856,
-2058332497,
1181858664,
1845671843,
-960206171,
-1833348633,
-982294681,
-141323584,
1747002149,
-1079305970,
-486608251,
580478090,
-1057827709,
766882578,
-254022284,
537883104,
369981363,
1479058942,
509062316,
-1425753612,
-606930901,
-55592308,
-957898116,
1787856609,
-2007711374,
1327187285,
-1388815183,
-1742938600,
-1722128237,
1727725523,
269001980,
-21414780,
-207958652,
-624963578,
-2020986590,
602365302,
619667564,
-752532500,
1503121949,
157491512,
1446325884,
-685038325,
776260448,
1917547137,
-971161932,
1394343891,
-2095517840,
-1528041627,
136263780,
-605661300,
-1367424373,
-1028085763,
1803068195,
-686446478,
-1015895904,
-937147368,
-1741324363,
-1480085827,
-146250610,
-1846916117,
1854569838,
1453720896,
-1220191697,
314229292,
70971600,
2125813860,
1993611293,
-188383723,
-659423383,
1496300834,
-2131555004,
1490241872,
-403734889,
247099311,
1568000244,
-1531975541,
87156418,
-590541622,
-1424941143,
-1204658478,
1435357177,
-1901125751,
-805444995,
-2057091281,
1230308791,
-1032590646,
1720782138,
-1336234615,
1498660867,
-382807576,
-398816489,
2109857980,
1053206157,
-123768732,
1385743287,
1987975553,
913646887,
-1078348887,
182822415,
579997028,
-1967107608,
1457279940,
-1561551379,
863309491,
1832906700,
-1375978393,
-1374041723,
198056859,
178473527,
-559339360,
-716678449,
-1616836414,
-916358299,
-459131120,
1368707375,
-2098138858,
-1157470069,
-2115803723,
938692358,
-844295619,
1802457422,
-1201449664,
-409333507,
1537321714,
1321451571,
53480657,
-1687489474,
478149903,
-647701052,
591786209,
-1383924010,
-2013614801,
-1470437409,
-189965250,
1619497499,
-1409593579,
895387657,
1329009379,
-150883380,
914347847,
-1207001020,
-1354874392,
-1494748611,
1229363810,
999730840,
-803500123,
3749156,
-263617274,
-2100644830,
-2138329960,
2077406000,
-707452440,
-1131490251,
-658112070,
34403708,
-240628194,
1339242132,
-2129208477,
937437751,
678715336,
-916086470,
-1408801498,
-1198041713,
-137874013,
-1691390284,
-683335470,
1020882963,
135392900,
1979219467,
864856527,
928607972,
731584356,
-226432929,
2065427422,
250181995,
-886321977,
1887816904,
-1531934341,
983607086,
1181365071,
-4099144,
677116344,
295370503,
-185325100,
-14406240,
363992605,
-649009130,
-282332786,
-923840292,
-435679327,
869540723,
667509578,
-1239149096,
-1496740833,
-1780639660,
1151782645,
476929473,
-2045676182,
204168316,
417920134,
-211572044,
1375095625,
960298193,
-376842519,
2117651228,
-879802316,
869135305,
1928994079,
1173726868,
1046223307,
-1233370071,
1430831674,
418315474,
425133252,
1706235954,
-538222364,
938351519,
-357581329,
2112905990,
-1673091415,
-739195328,
-1360032795,
-1468794638,
-1189790409,
-1263797763,
-308220027,
1394040382,
-1609860169,
-537099162,
20105273,
-193368099,
1501810701,
1144164929,
1040741059,
-423572377,
2067892878,
1206635502,
1161941840,
-778935183,
1303211269,
2133290925,
-1501096363,
1879158218,
624319794,
-1816434138,
1796181887,
-1413246713,
-951687562,
-95060651,
933087445,
896481988,
424451402,
-1668587016,
1527671188,
-1463022453,
1979283075,
-1474201816,
573199018,
1068276337,
-1149703587,
1505894681,
-1372990468,
2109867143,
-1412415339,
299678619,
231393666,
-1998373833,
77443718,
189902904,
82891504,
1478916068,
-1881191319,
-1514257797,
337962140,
1394398968,
-1494245363,
-321410388,
-1838840613,
1440018141,
1283063586,
1850868383,
-617043967,
100291910,
-1640337430,
-2121651392,
-1815246049,
1527100416,
-1818332012,
-65510314,
1716787910,
1078587136,
-1832498428,
-375705330,
-1721472916,
-525419006,
-753981480,
1401857266,
1123650013,
1188100718,
-191260710,
-1602306672,
874523376,
-1010845893,
629568467,
-912988247,
-1189935736,
1327750904,
-1899758603,
1661904470,
1879437150,
1952265592,
-1894441184,
-1011386788,
1336639745,
-2118886284,
-967281108,
692743890,
48188723,
1948233641,
58548408,
1133471812,
1969497608,
-2067784065,
1291943897,
-1619899261,
409032361,
-919546458,
-1857153833,
-1352263802,
-211175939,
1930454343,
-886020767,
126095361,
-249909851,
482639996,
-621279526,
-1022591235,
1801877730,
385950397,
-1627317018,
843455349,
497449670,
1561102626,
-951261842,
468787474,
695174710,
-883126085,
2126064690,
1997602882,
1488190798,
-1299185931,
-953333827,
-2037460055,
-1211746408,
-912852578,
-1861010888,
416745858,
34887692,
-171305060,
-209701820,
-543632877,
1203572241,
-1905447133,
-588913036,
1763795093,
-1215223357,
-990813135,
-1008364482,
201551942,
-343516205,
-1338223804,
-1550192470,
-868377273,
-442675467,
523515085,
2143792513,
1911287768,
1199463709,
-463903560,
610579002,
-1356835706,
-1686043596,
-1760859540,
-795128685,
165322791,
-1664646485,
-276125826,
502350447,
-62435663,
937842467,
-914430964,
-447760795,
1004088230,
1254468755,
-206572600,
-1332033780,
-941662578,
1329227731,
1251460680,
1688781530,
-513759031,
-1189278877,
870568934,
915263722,
2067548095,
-1069286182,
477486856,
-1917697763,
-1447796103,
1679925932,
-731633867,
515654150,
2021381285,
-1147801107,
920125466,
-2086689281,
-839597016,
1882124914,
1481323918,
-193411054,
-1357134389,
576576647,
-1373057881,
-832169146,
653872080,
1205437063,
1964125851,
-230778394,
591828999,
-1650387055,
-1391216115,
1342541023,
-1396321262,
632862516,
1444816492,
-1574888170,
-112641033,
497863349,
990802643,
-738206090,
-167512385,
576673523,
1304673465,
1626820217,
-1820764124,
1606626193,
1851114032,
-678580862,
124910605,
573557894,
-1998102397,
-2089979232,
675747336,
585977926,
-557656794,
574151248,
-1758331386,
-928244895,
473687666,
-1877403871,
-1008688066,
-2113765190,
-1749002337,
-2008398420,
1026156825,
-1296006942,
1227754156,
1892727965,
-2011903670,
-1721431743,
-1684201958,
-1782034031,
1793252013,
-197218059,
-1123961766,
776847148,
835143785,
2066011823,
635994615,
1319650003,
-1711034505,
1155510181,
883327213,
-1613906651,
-1959635463,
-238167776,
-162384354,
-163142944,
-557074344,
-1922034264,
-1240673217,
-52577233,
-175787440,
-1794210677,
1334119070,
1812312921,
-308413137,
-918332833,
-1514678370,
-36818235,
-1792190856,
1708202707,
1213476627,
-2015374201,
-1449328023,
1008107185,
-1438045228,
1788099467,
-1913144383,
989081258,
-1853355920,
-1089799397,
1418066846,
-354291338,
1466364140,
991709200,
522593514,
1489416565,
-1815447723,
-2113045697,
-1829438622,
-1240262110,
1734130463,
2008349596,
-806009635,
-1048091620,
-2064550865,
1125751136,
-577260644,
891530355,
1101165044,
1548214566,
700555037,
-956272621,
-1854255830,
1458010886,
-536595116,
-1790362862,
1992565692,
1585738853,
888179195,
-194291932,
-300744383,
-1274018815,
2069527981,
194397600,
-735174318,
-1914754673,
-1300161659,
-710449944,
1391400968,
-230224694,
1832376640,
-1285290123,
-1761927018,
1888495603,
1514755320,
1641069301,
2106730994,
2060698,
-1084071709,
-1914216958,
-142102584,
1009849808,
539507065,
-1228062279,
1522301638,
162361165,
1091205010,
242541658,
1730948831,
2121095274,
1544982032,
31280629,
-1783078209,
-1466252881,
1213904256,
1096807278,
1339727085,
-740279183,
-924737593,
1091260765,
-1644728405,
-204863988,
-1929907286,
-1979433278,
-1327646458,
1605096625,
1754594598,
-2028919281,
767596931,
-530169683,
-899981618,
-853244205,
1733964095,
1425153685,
1634825163,
915288710,
-644947561,
-1438148025,
-117544219,
601992263,
-864348253,
1528687431,
-268210398,
-262471523,
1514863330,
-2146283318,
-1707136390,
-1451539364,
-348829223,
-1918120292,
-875315283,
-1425701340,
-1524162406,
1982341594,
2091057440,
-1570241785,
1180066709,
2081066812,
628587129,
-1605358125,
-1631374842,
24291858,
1553148894,
-866913354,
730448609,
1380690931,
-1949076146,
735349139,
417926999,
-1576299624,
-2012079659,
-1405874870,
604303524,
-1457830744,
-1712562268,
1115784703,
-759917554,
-908778352,
178616166,
-2082767086,
360957128,
-247310283,
1334378597,
-1619412306,
-2103827267,
-1057766626,
555140009,
-638326326,
-576488321,
753883650,
-804141847,
-658249171,
1246661041,
1502116182,
-343762235,
-1719569667,
-120575903,
2062611863,
501710660,
-950734989,
445915156,
669194030,
-1458037300,
316884525,
-80988944,
-1831205769,
-666488353,
-1497024562,
-923373921,
-1188299012,
2112645883,
359590127,
-1964761073,
-1485904197,
-599999011,
-482763982,
291517931,
-2074997046,
-1571965430,
2046807800,
1711385738,
197361075,
448354461,
-699297237,
-1604083241,
-65182121,
679515805,
898563469,
1425307467,
-1947996862,
-2123754660,
1456140788,
676766755,
1457216258,
272448921,
1512881587,
-1649968056,
1057768132,
1720453428,
-999385003,
-414202769,
264229587,
2002431268,
-1741390750,
2119499948,
220050234,
1242255060,
-2006591375,
-608529806,
-1798654140,
-1500412217,
-378614090,
800947601,
1670403554,
1739407013,
-1889937834,
1853130083,
-1244064211,
184751932,
1880290274,
-2137416933,
-1649134877,
517834893,
130881999,
1694103629,
1838748644,
-1109337520,
1217337736,
1290109126,
-1830811545,
2105832052,
1588985282,
1760898901,
-775865070,
65852399,
-1055118982,
684808902,
1946709131,
782538630,
-630972027,
-778119226,
1781197711,
1588040095,
1702627140,
1931139351,
619416607,
-692753007,
-1589974214,
-1403901624,
-1840333028,
165234420,
-930302020,
1902111341,
1922562130,
-1299546397,
2098283373,
-1853140651,
1062557874,
1496804035,
817858075,
2133648358,
1163602248,
-223660424,
-329868806,
-1123493064,
-393509722,
1419827650,
990452785,
673410581,
-1035500507,
1439836113,
2145099329,
636380953,
-1402393155,
-1074871157,
1963497563,
-1513354411,
2001215882,
-987214911,
841643875,
2122500440,
1465378531,
1236430043,
-423228288,
1725728839,
2784666,
-1241870976,
-1954958757,
991886782,
-918583283,
1439288125,
-1511185120,
-1250801107,
-1271688066,
1053321760,
934198978,
-1113936079,
713362406,
-1679886180,
176334268,
524195851,
452543178,
1944592073,
-1361769610,
-825108455,
-1577167026,
968920158,
2088894487,
-1268972928,
187470185,
1744971909,
-1658959861,
2011544838,
205826948,
1390188737,
-790240299,
-23081035,
-1041079243,
237313174,
491027425,
-1286786415,
-1793590506,
-1249190763,
-1300787531,
2058028695,
-295072843,
1048755767,
1906637202,
-1890513407,
-773227281,
-1597083526,
1807435293,
1275294350,
937642953,
1638924937,
639343923,
-1335588670,
1048951135,
-2039336894,
-1344605100,
284306600,
-1224770029,
1881564300,
824464549,
1007933483,
1231546333,
1712955236,
451110847,
-94563737,
-1878479503,
-406855517,
-585678195,
600145720,
-1398937906,
-235582783,
-238144607,
-986929341,
604181720,
-235181173,
674248197,
829050849,
-624951714,
-118697436,
-1602738516,
232256597,
-958258911,
1921995340,
-2098328708,
-344879325,
-1501470484,
1989160027,
-1968064454,
439773950,
469006015,
-301926707,
1334800179,
1762323064,
52712038,
-749604456,
-1621842904,
-998478812,
-1892506689,
1818316701,
215538651,
2010378735,
1998382064,
191783837,
-1803198938,
-467524369,
-1791601378,
1974011507,
499765622,
769660551,
-287656880,
1344369581,
2115227752,
911165346,
1851834368,
-1827734012,
1821164949,
1615303188,
1946215966,
-871541008,
-1745631591,
1764889264,
1800213711,
1881150678,
1545676530,
-820080508,
628843176,
1158479615,
-250217720,
-1034054878,
-1865294901,
691131773,
1053210867,
-473523557,
208150020,
-430719427,
645063051,
-1384003480,
-994175128,
-119489485,
1551013692,
-564095123,
1314054247,
111166464,
-115613414,
2141024741,
-836843378,
2020291211,
-425072522,
-2032497079,
1759735561,
-951089240,
490408235,
275920560,
1361474626,
102574859,
164586890,
-1638356967,
-2062262059,
1210703784,
1023613587,
375717370,
781522951,
375982780,
-1181524833,
-391988700,
627571188,
1046217806,
139286175,
1827271502,
-1815332936,
-288804590,
407017871,
99277921,
1174726364,
2023601719,
-365298223,
21238000,
-608246810,
1227072698,
1402777374,
-118965102,
97847453,
240093186,
-667373360,
945163134,
-344800015,
781537688,
1603656166,
-1407217522,
-24587447,
1827559472,
-1322587966,
904899667,
-139219331,
950851208,
-834683525,
1472274360,
-833108274,
1674476856,
-1077632828,
-977827984,
-1122771420,
1862441904,
-252767895,
1696980259,
-363354751,
201162284,
-98194553,
1576022259,
-703520837,
-1148219339,
-466617013,
550781430,
-867816877,
1288553380,
1639653737,
-1357057500,
835049657,
-565308476,
-666552522,
536376517,
-782427613,
-1473910516,
591966075,
-1523157977,
1973344276,
-378267214,
1882230013,
1943950464,
-1974227328,
1395778585,
1887273032,
-1612909781,
738264007,
1617291738,
-2025124107,
-1656699171,
-1590067088,
1188477253,
-606914565,
-1485824003,
-1458554398,
-1138234158,
717578772,
1661654191,
-1277807461,
1939301065,
-232216907,
497463263,
1626319008,
-1648658897,
1512425842,
2081838592,
-698831823,
-797705461,
1473930811,
-610220865,
1159738572,
-1048420752,
1193993793,
1078962107,
1663208373,
962880020,
1849793627,
406568140,
-464959102,
1501564293,
-662132308,
-1929420139,
1669736516,
1006387773,
-1114230427,
955347696,
1913275014,
-1011540591,
226064323,
1526170386,
-1335985186,
1811748000,
711279649,
-491415863,
201915317,
-1523546265,
544473335,
1234698100,
-2041128748,
571559105,
679848022,
638109344,
447741783,
1251744188,
-1955195491,
675751043,
-826264970,
702950065,
624693826,
-1475711184,
-196925868,
-490961494,
195953315,
770441229,
-1555804319,
1378203875,
1322572509,
2068522194,
-1493089070,
1521261015,
-1647479053,
1312151642,
1960064451,
-998904698,
-1496345592,
1545871869,
-1462063544,
-58711414,
877991382,
-813255089,
528524705,
451675606,
-1405051219,
-85634353,
2093886891,
1785087831,
-2012194129,
457267960,
-1328152853,
1345505941,
-1783479655,
-1307636626,
797198023,
134356095,
-1331374285,
-1679446015,
182154462,
1706249722,
-511385474,
1920738082,
383307287,
297310163,
-1690219690,
-292329179,
-2141468963,
-65031346,
1392192924,
-1912483815,
7876431,
1888109621,
-711016162,
686261676,
-314096458,
-1867223196,
-973420553,
-816348739,
-1917208052,
838169267,
-87084931,
-1911382810,
1044064843,
-1995842067,
-340362195,
702416550,
2059037408,
-456329636,
1661869207,
-6910767,
1671828433,
-425654715,
1040032917,
-1805360362,
1428723436,
1629227768,
-1757688851,
-2002656812,
2070932715,
-662229905,
1643328589,
578166431,
1616118176,
632427954,
1033118652,
260010816,
-1954321334,
1677067850,
-1321708594,
1372426175,
1603693006,
1743974173,
1691167983,
1546701476,
-432152353,
-1220185846,
1842267401,
1554787341,
-1781384349,
850798223,
737291057,
-1183452016,
323220387,
11475543,
187138038,
1876868205,
1575825445,
-307053783,
1139417949,
-1434146366,
-1983716850,
-2940968,
-1050699913,
937654472,
328979742,
-1347368166,
1098498665,
-1557284993,
-1222319886,
-1070208997,
382920751,
-351275491,
820167844,
1139732457,
-87528461,
-1609486145,
-148391425,
1015672393,
1128989591,
1712441118,
1336466673,
-1162260595,
-250565430,
-1611272886,
-1424460962,
259047427,
-733800453,
-141513080,
1454395003,
1239131828,
-2005726176,
1461299465,
1895851818,
2065107472,
-1553370379,
-701959432,
1676872615,
722134974,
1564411788,
-1092697770,
-683014400,
1457083462,
2026245791,
-990859050,
545462718,
272744547,
1049642326,
-94383028,
1335492315,
-622901592,
-1785139039,
678036075,
664958824,
466811034,
-722629639,
-144277432,
239430161,
-1825373811,
-1050048097,
-2132489044,
539885977,
2109783535,
154256387,
-1914475990,
-1712001999,
-148124499,
1792844951,
1983883433,
598384680,
50349572,
-1745524232,
1621747118,
-1645016783,
638040955,
-1831189833,
950612431,
1900545533,
-123060333,
1490156067,
-1273423280,
-2081465945,
1941473620,
-2029386803,
90379886,
1778548219,
-2063329001,
-920949990,
-1506807636,
1919231228,
-988305330,
102091802,
-96670032,
1743058921,
-1007552545,
-1797307524,
295118046,
440946501,
345589038,
-688072247,
1701863265,
1216330016,
-667853177,
-187799996,
529451199,
-614276419,
441982279,
1354852615,
572747549,
-823846960,
1907612939,
-2091638026,
-1758733598,
1946258649,
-1729402824,
-447201713,
-614169805,
-961103444,
2129416690,
122929694,
-1012594362,
-1213228793,
-1696792735,
-1301893230,
-1346334867,
-1721022442,
-852577515,
770752313,
750697892,
-1722568169,
222608406,
1619678628,
1281000467,
-1045295337,
434043636,
1364356080,
718459852,
-1726373707,
1506798352,
2003591058,
1874021595,
269713022,
-176979139,
-1050925152,
-302540623,
-1510042352,
29206776,
1908143844,
78957715,
2017539429,
-573527219,
2017753441,
5604349,
-1353110851,
1651783943,
-521352720,
-1276070343,
1616353295,
672796033,
1059331936,
-2038432734,
611357125,
-1182957137,
-988795123,
479573009,
1652464887,
786208017,
1687677023,
1926275008,
-2048274287,
1371287666,
847186610,
1502516350,
-193340357,
-238105745,
-590153489,
-446979947,
-1625029724,
688586617,
1558202206,
-2021731281,
1403264074,
-1949037717,
-1612619287,
-588929972,
-1697950271,
1221110133,
1692865559,
443474376,
-1385014641,
-550760170,
249863332,
367833598,
-1052058765,
223736081,
1668167940,
1128546455,
768509123,
549021506,
-178746269,
2077267099,
870095799,
-973853202,
2147449395,
-1261948632,
697368906,
537324648,
1249576188,
-96190930,
1427935451,
-1320535243,
1839255641,
313326546,
682879364,
467932874,
0,
